x1,x2,x3,x4,x5,x6,x7,x8,x9,x10
1000.0,1000.0,1000.0,1000.0,1000.0,1000.0,1000.0,1000.0,1000.0,1000.0
1011.0,1002.0,992.0,1008.0,1007.0,1005.0,1007.0,1002.0,1003.0,1006.0
1009.0,1017.0,988.0,1017.0,1011.0,1015.0,1021.0,1004.0,1002.0,1022.0
1013.0,1017.0,994.0,1030.0,1014.0,1030.0,1025.0,1020.0,1001.0,1030.0
1029.0,1023.0,1002.0,1034.0,1029.0,1051.0,1033.0,1032.0,1008.0,1046.0
1038.0,1032.0,1016.0,1046.0,1035.0,1061.0,1038.0,1039.0,1009.0,1050.0
1060.0,1036.0,1026.0,1053.0,1045.0,1084.0,1046.0,1048.0,1018.0,1070.0
1082.0,1041.0,1037.0,1068.0,1057.0,1104.0,1054.0,1052.0,1033.0,1083.0
1087.0,1041.0,1054.0,1069.0,1078.0,1126.0,1069.0,1056.0,1048.0,1094.0
1105.0,1055.0,1072.0,1071.0,1107.0,1158.0,1084.0,1062.0,1075.0,1101.0
1104.0,1069.0,1085.0,1083.0,1127.0,1169.0,1100.0,1073.0,1086.0,1115.0
1128.0,1093.0,1102.0,1107.0,1141.0,1195.0,1108.0,1080.0,1109.0,1133.0
1152.0,1111.0,1129.0,1120.0,1155.0,1224.0,1116.0,1102.0,1130.0,1159.0
1170.0,1135.0,1149.0,1150.0,1188.0,1249.0,1132.0,1122.0,1139.0,1173.0
1200.0,1153.0,1170.0,1162.0,1206.0,1275.0,1134.0,1136.0,1144.0,1193.0
1232.0,1176.0,1196.0,1181.0,1231.0,1301.0,1154.0,1153.0,1153.0,1206.0
1258.0,1194.0,1223.0,1210.0,1243.0,1322.0,1182.0,1175.0,1183.0,1225.0
1298.0,1211.0,1248.0,1231.0,1256.0,1358.0,1206.0,1208.0,1200.0,1250.0
1321.0,1221.0,1265.0,1275.0,1278.0,1378.0,1245.0,1229.0,1211.0,1276.0
1358.0,1252.0,1288.0,1314.0,1270.0,1407.0,1261.0,1269.0,1231.0,1295.0
1387.0,1298.0,1303.0,1355.0,1299.0,1434.0,1283.0,1305.0,1255.0,1309.0
1432.0,1325.0,1337.0,1395.0,1317.0,1471.0,1324.0,1330.0,1275.0,1346.0
1471.0,1349.0,1371.0,1434.0,1350.0,1504.0,1334.0,1381.0,1294.0,1360.0
1517.0,1377.0,1391.0,1470.0,1376.0,1540.0,1361.0,1414.0,1309.0,1394.0
1544.0,1396.0,1440.0,1502.0,1390.0,1591.0,1392.0,1459.0,1339.0,1424.0
1586.0,1436.0,1473.0,1534.0,1425.0,1631.0,1433.0,1494.0,1382.0,1449.0
1631.0,1472.0,1501.0,1569.0,1449.0,1679.0,1485.0,1532.0,1399.0,1487.0
1668.0,1509.0,1536.0,1616.0,1492.0,1717.0,1524.0,1573.0,1450.0,1527.0
1713.0,1535.0,1567.0,1664.0,1531.0,1766.0,1545.0,1614.0,1474.0,1575.0
1756.0,1567.0,1616.0,1705.0,1568.0,1819.0,1573.0,1665.0,1530.0,1595.0
1800.0,1609.0,1666.0,1754.0,1592.0,1855.0,1589.0,1713.0,1549.0,1620.0
1845.0,1655.0,1704.0,1809.0,1637.0,1902.0,1602.0,1751.0,1575.0,1646.0
1904.0,1691.0,1741.0,1843.0,1692.0,1948.0,1614.0,1812.0,1623.0,1673.0
1965.0,1733.0,1803.0,1886.0,1729.0,1991.0,1641.0,1873.0,1656.0,1706.0
2002.0,1785.0,1839.0,1933.0,1774.0,2027.0,1676.0,1901.0,1700.0,1751.0
2068.0,1818.0,1889.0,1968.0,1826.0,2100.0,1718.0,1947.0,1747.0,1809.0
2131.0,1871.0,1957.0,2010.0,1884.0,2153.0,1766.0,2005.0,1791.0,1851.0
2188.0,1915.0,2002.0,2061.0,1937.0,2212.0,1791.0,2071.0,1835.0,1888.0
2231.0,1965.0,2050.0,2118.0,1992.0,2267.0,1844.0,2147.0,1896.0,1943.0
2291.0,2018.0,2101.0,2179.0,2057.0,2336.0,1888.0,2192.0,1947.0,1989.0
2352.0,2056.0,2151.0,2206.0,2113.0,2382.0,1937.0,2260.0,2007.0,2028.0
2404.0,2101.0,2187.0,2260.0,2162.0,2437.0,1984.0,2324.0,2070.0,2084.0
2462.0,2146.0,2269.0,2325.0,2217.0,2499.0,2013.0,2386.0,2128.0,2127.0
2523.0,2194.0,2335.0,2401.0,2279.0,2537.0,2034.0,2446.0,2190.0,2197.0
2585.0,2250.0,2398.0,2473.0,2353.0,2602.0,2076.0,2486.0,2234.0,2263.0
2654.0,2303.0,2444.0,2527.0,2417.0,2679.0,2138.0,2537.0,2278.0,2329.0
2731.0,2335.0,2519.0,2585.0,2481.0,2747.0,2171.0,2596.0,2338.0,2392.0
2812.0,2402.0,2599.0,2648.0,2553.0,2821.0,2230.0,2664.0,2393.0,2442.0
2882.0,2470.0,2666.0,2703.0,2623.0,2917.0,2267.0,2725.0,2440.0,2520.0
2939.0,2541.0,2727.0,2746.0,2689.0,2991.0,2330.0,2806.0,2516.0,2582.0
2997.0,2610.0,2781.0,2803.0,2756.0,3054.0,2375.0,2878.0,2578.0,2655.0
3056.0,2683.0,2842.0,2879.0,2826.0,3136.0,2449.0,2956.0,2629.0,2717.0
3129.0,2739.0,2910.0,2941.0,2874.0,3191.0,2513.0,3017.0,2693.0,2778.0
3185.0,2816.0,2994.0,3014.0,2941.0,3282.0,2560.0,3117.0,2740.0,2868.0
3253.0,2886.0,3072.0,3077.0,2999.0,3378.0,2608.0,3199.0,2806.0,2943.0
3346.0,2962.0,3151.0,3156.0,3073.0,3469.0,2672.0,3266.0,2871.0,2983.0
3442.0,3015.0,3227.0,3217.0,3145.0,3554.0,2737.0,3335.0,2932.0,3072.0
3519.0,3065.0,3276.0,3293.0,3213.0,3625.0,2803.0,3405.0,2985.0,3164.0
3577.0,3172.0,3353.0,3371.0,3247.0,3707.0,2855.0,3474.0,3056.0,3252.0
3650.0,3247.0,3418.0,3470.0,3322.0,3800.0,2910.0,3567.0,3106.0,3325.0
3734.0,3344.0,3487.0,3518.0,3386.0,3879.0,2963.0,3636.0,3183.0,3389.0
3805.0,3417.0,3557.0,3603.0,3457.0,3962.0,3027.0,3705.0,3229.0,3471.0
3886.0,3521.0,3644.0,3685.0,3540.0,4056.0,3121.0,3780.0,3305.0,3524.0
3955.0,3612.0,3716.0,3759.0,3607.0,4162.0,3176.0,3861.0,3386.0,3620.0
4051.0,3709.0,3779.0,3844.0,3694.0,4261.0,3242.0,3950.0,3452.0,3719.0
4147.0,3798.0,3882.0,3918.0,3783.0,4332.0,3317.0,4040.0,3539.0,3831.0
4258.0,3901.0,3983.0,4020.0,3876.0,4404.0,3365.0,4087.0,3606.0,3931.0
4354.0,3969.0,4087.0,4095.0,3959.0,4501.0,3452.0,4154.0,3666.0,4039.0
4413.0,4066.0,4182.0,4182.0,4067.0,4613.0,3518.0,4226.0,3734.0,4135.0
4512.0,4165.0,4284.0,4257.0,4159.0,4700.0,3598.0,4324.0,3790.0,4231.0
4594.0,4235.0,4387.0,4328.0,4251.0,4813.0,3661.0,4433.0,3862.0,4306.0
4675.0,4335.0,4499.0,4409.0,4329.0,4943.0,3764.0,4535.0,3937.0,4426.0
4785.0,4391.0,4578.0,4498.0,4377.0,5043.0,3818.0,4611.0,4006.0,4506.0
4891.0,4492.0,4663.0,4594.0,4459.0,5127.0,3880.0,4679.0,4082.0,4607.0
4986.0,4573.0,4750.0,4701.0,4532.0,5230.0,3978.0,4772.0,4158.0,4694.0
5104.0,4686.0,4866.0,4794.0,4632.0,5330.0,4081.0,4874.0,4251.0,4789.0
5186.0,4773.0,4961.0,4910.0,4747.0,5433.0,4159.0,4953.0,4330.0,4879.0
5293.0,4896.0,5051.0,5030.0,4830.0,5518.0,4242.0,5048.0,4425.0,4972.0
5426.0,4997.0,5155.0,5138.0,4955.0,5612.0,4321.0,5161.0,4518.0,5068.0
5523.0,5097.0,5226.0,5244.0,5039.0,5704.0,4382.0,5225.0,4590.0,5177.0
5607.0,5182.0,5329.0,5358.0,5130.0,5799.0,4477.0,5292.0,4682.0,5285.0
5722.0,5302.0,5411.0,5443.0,5233.0,5898.0,4575.0,5377.0,4752.0,5370.0
5797.0,5408.0,5521.0,5539.0,5329.0,5981.0,4674.0,5509.0,4827.0,5438.0
5893.0,5515.0,5614.0,5649.0,5436.0,6088.0,4741.0,5613.0,4931.0,5541.0
5993.0,5612.0,5709.0,5733.0,5521.0,6185.0,4803.0,5738.0,5029.0,5627.0
6136.0,5707.0,5818.0,5829.0,5594.0,6255.0,4855.0,5850.0,5095.0,5735.0
6255.0,5812.0,5933.0,5905.0,5673.0,6368.0,4947.0,5964.0,5207.0,5850.0
6368.0,5918.0,6043.0,6017.0,5728.0,6491.0,5047.0,6077.0,5273.0,5977.0
6511.0,6005.0,6186.0,6141.0,5828.0,6548.0,5132.0,6141.0,5362.0,6081.0
6634.0,6089.0,6301.0,6266.0,5926.0,6647.0,5242.0,6271.0,5472.0,6174.0
6730.0,6176.0,6399.0,6366.0,6059.0,6744.0,5324.0,6350.0,5562.0,6283.0
6821.0,6283.0,6534.0,6472.0,6148.0,6840.0,5404.0,6468.0,5681.0,6399.0
6914.0,6371.0,6630.0,6574.0,6233.0,6946.0,5489.0,6567.0,5770.0,6497.0
7061.0,6450.0,6754.0,6676.0,6327.0,7044.0,5574.0,6694.0,5855.0,6621.0
7191.0,6541.0,6844.0,6794.0,6430.0,7132.0,5655.0,6819.0,5925.0,6713.0
7287.0,6637.0,6923.0,6874.0,6540.0,7273.0,5747.0,6879.0,6019.0,6804.0
7357.0,6747.0,7013.0,6936.0,6630.0,7374.0,5842.0,6971.0,6104.0,6906.0
7462.0,6863.0,7117.0,7026.0,6708.0,7502.0,5960.0,7072.0,6201.0,7023.0
7529.0,6963.0,7224.0,7138.0,6781.0,7598.0,6079.0,7173.0,6312.0,7141.0
7639.0,7088.0,7332.0,7242.0,6900.0,7712.0,6197.0,7269.0,6435.0,7238.0
7727.0,7183.0,7429.0,7341.0,6986.0,7844.0,6284.0,7394.0,6567.0,7331.0
7801.0,7277.0,7534.0,7449.0,7069.0,7957.0,6380.0,7466.0,6639.0,7462.0
7887.0,7356.0,7636.0,7556.0,7165.0,8069.0,6468.0,7562.0,6709.0,7557.0
7952.0,7456.0,7763.0,7691.0,7293.0,8204.0,6584.0,7660.0,6801.0,7640.0
8049.0,7586.0,7860.0,7795.0,7360.0,8302.0,6695.0,7761.0,6899.0,7759.0
8138.0,7670.0,7958.0,7890.0,7433.0,8409.0,6778.0,7891.0,7013.0,7870.0
8232.0,7757.0,8054.0,8020.0,7540.0,8497.0,6875.0,7981.0,7104.0,7980.0
8351.0,7855.0,8170.0,8124.0,7639.0,8624.0,6997.0,8084.0,7179.0,8067.0
8426.0,7953.0,8276.0,8207.0,7714.0,8720.0,7118.0,8196.0,7264.0,8184.0
8515.0,8046.0,8372.0,8318.0,7815.0,8856.0,7228.0,8296.0,7376.0,8279.0
8641.0,8203.0,8489.0,8419.0,7901.0,8950.0,7312.0,8429.0,7480.0,8382.0
8775.0,8326.0,8591.0,8512.0,8016.0,9037.0,7436.0,8508.0,7579.0,8510.0
8883.0,8434.0,8708.0,8604.0,8129.0,9105.0,7557.0,8624.0,7694.0,8611.0
8963.0,8571.0,8790.0,8709.0,8223.0,9187.0,7675.0,8715.0,7780.0,8711.0
9072.0,8677.0,8870.0,8836.0,8298.0,9256.0,7765.0,8822.0,7917.0,8813.0
9196.0,8816.0,8968.0,8924.0,8386.0,9372.0,7868.0,8934.0,8000.0,8898.0
9290.0,8920.0,9056.0,9026.0,8511.0,9458.0,7968.0,9031.0,8097.0,8996.0
9377.0,9038.0,9171.0,9149.0,8630.0,9572.0,8053.0,9147.0,8193.0,9083.0
9481.0,9133.0,9276.0,9219.0,8699.0,9676.0,8164.0,9250.0,8260.0,9193.0
9596.0,9187.0,9383.0,9309.0,8804.0,9768.0,8248.0,9362.0,8348.0,9272.0
9682.0,9293.0,9503.0,9399.0,8879.0,9871.0,8350.0,9449.0,8417.0,9401.0
9780.0,9406.0,9589.0,9500.0,9003.0,9955.0,8464.0,9517.0,8490.0,9498.0
9902.0,9523.0,9696.0,9578.0,9140.0,10055.0,8587.0,9607.0,8584.0,9604.0
10006.0,9649.0,9776.0,9669.0,9277.0,10159.0,8672.0,9709.0,8637.0,9673.0
10132.0,9760.0,9863.0,9770.0,9366.0,10248.0,8770.0,9784.0,8707.0,9789.0
10223.0,9855.0,9975.0,9860.0,9439.0,10389.0,8866.0,9890.0,8796.0,9891.0
10322.0,9969.0,10106.0,9947.0,9529.0,10477.0,8942.0,9980.0,8894.0,9988.0
10418.0,10077.0,10208.0,10064.0,9617.0,10581.0,9030.0,10100.0,8971.0,10070.0
10506.0,10156.0,10315.0,10145.0,9709.0,10671.0,9120.0,10193.0,9108.0,10150.0
10614.0,10248.0,10412.0,10244.0,9780.0,10767.0,9195.0,10271.0,9235.0,10239.0
10724.0,10340.0,10495.0,10336.0,9874.0,10845.0,9285.0,10359.0,9310.0,10347.0
10817.0,10406.0,10624.0,10436.0,9970.0,10919.0,9346.0,10468.0,9419.0,10460.0
10898.0,10489.0,10717.0,10532.0,10058.0,10985.0,9440.0,10552.0,9493.0,10522.0
11007.0,10566.0,10801.0,10620.0,10142.0,11062.0,9552.0,10650.0,9555.0,10615.0
11060.0,10657.0,10890.0,10684.0,10210.0,11136.0,9653.0,10731.0,9625.0,10710.0
11171.0,10754.0,10973.0,10761.0,10305.0,11222.0,9732.0,10826.0,9692.0,10811.0
11245.0,10860.0,11073.0,10852.0,10420.0,11306.0,9858.0,10883.0,9815.0,10865.0
11358.0,10915.0,11186.0,10941.0,10486.0,11381.0,9925.0,10945.0,9889.0,10943.0
11445.0,11019.0,11284.0,11014.0,10611.0,11446.0,10012.0,11012.0,9976.0,11006.0
11491.0,11124.0,11404.0,11118.0,10682.0,11508.0,10090.0,11098.0,10033.0,11070.0
11592.0,11193.0,11500.0,11215.0,10759.0,11585.0,10182.0,11192.0,10116.0,11138.0
11686.0,11288.0,11575.0,11297.0,10831.0,11670.0,10250.0,11284.0,10178.0,11247.0
11773.0,11345.0,11641.0,11425.0,10900.0,11740.0,10352.0,11373.0,10242.0,11331.0
11868.0,11433.0,11717.0,11519.0,10970.0,11813.0,10422.0,11448.0,10308.0,11401.0
11950.0,11483.0,11801.0,11577.0,11040.0,11850.0,10499.0,11533.0,10405.0,11460.0
12042.0,11568.0,11908.0,11666.0,11136.0,11939.0,10581.0,11592.0,10477.0,11520.0
12124.0,11638.0,11996.0,11747.0,11259.0,11975.0,10685.0,11666.0,10541.0,11612.0
12210.0,11709.0,12051.0,11816.0,11344.0,12056.0,10754.0,11749.0,10612.0,11732.0
12260.0,11757.0,12123.0,11881.0,11420.0,12105.0,10836.0,11803.0,10703.0,11824.0
12326.0,11853.0,12161.0,11957.0,11495.0,12171.0,10900.0,11893.0,10768.0,11911.0
12415.0,11899.0,12219.0,12075.0,11555.0,12217.0,11012.0,11987.0,10852.0,12009.0
12468.0,11963.0,12321.0,12186.0,11667.0,12289.0,11097.0,12022.0,10911.0,12077.0
12556.0,12085.0,12382.0,12273.0,11750.0,12340.0,11172.0,12089.0,11001.0,12153.0
12615.0,12170.0,12485.0,12363.0,11801.0,12387.0,11245.0,12137.0,11074.0,12209.0
12691.0,12245.0,12582.0,12419.0,11842.0,12423.0,11336.0,12190.0,11119.0,12303.0
12763.0,12292.0,12665.0,12506.0,11911.0,12505.0,11409.0,12257.0,11219.0,12374.0
12819.0,12348.0,12729.0,12599.0,11997.0,12564.0,11462.0,12333.0,11295.0,12478.0
12865.0,12405.0,12807.0,12650.0,12044.0,12618.0,11555.0,12404.0,11369.0,12552.0
12969.0,12458.0,12893.0,12683.0,12113.0,12703.0,11632.0,12484.0,11422.0,12647.0
13027.0,12520.0,12949.0,12705.0,12194.0,12786.0,11727.0,12577.0,11455.0,12729.0
13073.0,12564.0,12979.0,12777.0,12254.0,12859.0,11786.0,12644.0,11545.0,12780.0
13115.0,12629.0,13048.0,12840.0,12301.0,12936.0,11873.0,12645.0,11632.0,12851.0
13187.0,12737.0,13099.0,12912.0,12362.0,13001.0,11922.0,12690.0,11707.0,12921.0
13205.0,12794.0,13177.0,12981.0,12429.0,13073.0,11989.0,12738.0,11781.0,12990.0
13263.0,12840.0,13216.0,13052.0,12500.0,13120.0,12035.0,12784.0,11855.0,13071.0
13322.0,12908.0,13264.0,13082.0,12580.0,13157.0,12105.0,12883.0,11931.0,13128.0
13386.0,12968.0,13346.0,13164.0,12641.0,13185.0,12158.0,12939.0,11999.0,13212.0
13454.0,12991.0,13392.0,13191.0,12693.0,13241.0,12237.0,12992.0,12045.0,13286.0
13537.0,13069.0,13460.0,13222.0,12757.0,13300.0,12293.0,13037.0,12141.0,13351.0
13625.0,13092.0,13515.0,13277.0,12819.0,13393.0,12374.0,13070.0,12202.0,13407.0
13660.0,13142.0,13549.0,13310.0,12886.0,13443.0,12424.0,13110.0,12244.0,13430.0
13681.0,13206.0,13591.0,13397.0,12952.0,13524.0,12471.0,13121.0,12319.0,13481.0
13730.0,13256.0,13660.0,13435.0,13005.0,13567.0,12532.0,13188.0,12370.0,13542.0
13776.0,13291.0,13723.0,13451.0,13076.0,13596.0,12597.0,13231.0,12409.0,13587.0
13829.0,13329.0,13813.0,13507.0,13160.0,13632.0,12690.0,13294.0,12475.0,13666.0
13909.0,13347.0,13883.0,13558.0,13219.0,13673.0,12761.0,13341.0,12542.0,13702.0
13970.0,13387.0,13884.0,13586.0,13284.0,13706.0,12797.0,13367.0,12606.0,13735.0
14016.0,13424.0,13931.0,13651.0,13336.0,13758.0,12839.0,13379.0,12656.0,13760.0
14051.0,13443.0,13982.0,13703.0,13375.0,13800.0,12877.0,13385.0,12713.0,13863.0
14100.0,13504.0,14018.0,13754.0,13444.0,13845.0,12945.0,13448.0,12741.0,13891.0
14174.0,13556.0,14078.0,13830.0,13491.0,13906.0,12972.0,13503.0,12802.0,13935.0
14199.0,13630.0,14154.0,13835.0,13508.0,13941.0,13007.0,13508.0,12852.0,13961.0
14211.0,13664.0,14160.0,13885.0,13536.0,14007.0,13065.0,13533.0,12881.0,14014.0
14333.0,13695.0,14208.0,13908.0,13595.0,14074.0,13144.0,13566.0,12928.0,14079.0
14362.0,13733.0,14238.0,13978.0,13663.0,14107.0,13172.0,13583.0,12996.0,14150.0
14377.0,13787.0,14274.0,14010.0,13694.0,14145.0,13200.0,13634.0,13021.0,14200.0
14399.0,13801.0,14305.0,14045.0,13716.0,14179.0,13244.0,13653.0,13068.0,14239.0
14424.0,13815.0,14331.0,14094.0,13734.0,14204.0,13277.0,13678.0,13143.0,14284.0
14424.0,13840.0,14324.0,14108.0,13764.0,14238.0,13323.0,13700.0,13198.0,14328.0
14464.0,13903.0,14338.0,14126.0,13771.0,14273.0,13351.0,13746.0,13264.0,14373.0
14500.0,13926.0,14376.0,14157.0,13813.0,14306.0,13390.0,13794.0,13335.0,14437.0
14539.0,13972.0,14384.0,14207.0,13867.0,14301.0,13404.0,13796.0,13359.0,14456.0
14544.0,14012.0,14416.0,14234.0,13897.0,14330.0,13476.0,13818.0,13405.0,14480.0
14571.0,14045.0,14466.0,14276.0,13918.0,14335.0,13504.0,13847.0,13431.0,14477.0
14593.0,14111.0,14489.0,14296.0,13934.0,14368.0,13485.0,13883.0,13477.0,14504.0
14654.0,14112.0,14495.0,14334.0,13976.0,14397.0,13525.0,13907.0,13513.0,14517.0
14692.0,14147.0,14527.0,14374.0,14011.0,14414.0,13571.0,13921.0,13537.0,14551.0
14732.0,14164.0,14554.0,14375.0,14037.0,14460.0,13608.0,13927.0,13563.0,14580.0
14708.0,14153.0,14602.0,14409.0,14032.0,14463.0,13630.0,13945.0,13607.0,14625.0
14686.0,14165.0,14601.0,14410.0,14040.0,14529.0,13661.0,13974.0,13628.0,14629.0
14656.0,14148.0,14614.0,14447.0,14044.0,14553.0,13708.0,14002.0,13636.0,14662.0
14675.0,14155.0,14642.0,14451.0,14035.0,14582.0,13761.0,14019.0,13666.0,14699.0
14685.0,14196.0,14632.0,14471.0,14066.0,14622.0,13800.0,14077.0,13700.0,14733.0
14682.0,14197.0,14673.0,14470.0,14080.0,14639.0,13802.0,14102.0,13733.0,14780.0
14698.0,14217.0,14704.0,14469.0,14129.0,14651.0,13860.0,14121.0,13731.0,14771.0
14721.0,14245.0,14761.0,14476.0,14149.0,14658.0,13899.0,14144.0,13762.0,14772.0
14736.0,14283.0,14801.0,14474.0,14176.0,14659.0,13935.0,14132.0,13797.0,14781.0
14754.0,14292.0,14848.0,14490.0,14219.0,14699.0,13973.0,14147.0,13810.0,14793.0
14745.0,14321.0,14867.0,14485.0,14225.0,14675.0,13997.0,14166.0,13845.0,14791.0
14769.0,14318.0,14886.0,14480.0,14248.0,14671.0,14033.0,14194.0,13846.0,14797.0
14777.0,14339.0,14937.0,14467.0,14281.0,14661.0,14039.0,14215.0,13866.0,14810.0
14747.0,14359.0,14982.0,14487.0,14311.0,14697.0,14048.0,14247.0,13889.0,14843.0
14748.0,14371.0,15005.0,14508.0,14313.0,14712.0,14055.0,14258.0,13864.0,14884.0
14773.0,14389.0,15007.0,14543.0,14319.0,14705.0,14101.0,14227.0,13888.0,14878.0
14736.0,14419.0,15024.0,14579.0,14346.0,14678.0,14127.0,14250.0,13915.0,14883.0
14769.0,14465.0,15036.0,14568.0,14329.0,14675.0,14131.0,14218.0,13910.0,14877.0
14768.0,14469.0,15029.0,14595.0,14364.0,14682.0,14155.0,14222.0,13899.0,14874.0
14750.0,14510.0,14983.0,14597.0,14418.0,14680.0,14151.0,14223.0,13929.0,14899.0
14751.0,14506.0,15017.0,14642.0,14437.0,14666.0,14162.0,14213.0,13942.0,14879.0
14749.0,14502.0,15023.0,14624.0,14474.0,14653.0,14160.0,14237.0,13973.0,14878.0
14756.0,14502.0,15015.0,14601.0,14482.0,14644.0,14159.0,14266.0,13980.0,14889.0
14760.0,14518.0,15001.0,14621.0,14514.0,14636.0,14179.0,14263.0,14002.0,14920.0
14728.0,14534.0,15008.0,14653.0,14539.0,14624.0,14221.0,14260.0,14037.0,14947.0
14749.0,14552.0,15021.0,14686.0,14533.0,14623.0,14233.0,14287.0,14068.0,14965.0
14754.0,14541.0,15009.0,14710.0,14565.0,14632.0,14219.0,14280.0,14100.0,14975.0
14782.0,14567.0,15005.0,14680.0,14605.0,14644.0,14222.0,14280.0,14117.0,14977.0
14782.0,14587.0,15003.0,14690.0,14628.0,14644.0,14237.0,14279.0,14138.0,15010.0
14795.0,14578.0,14993.0,14693.0,14651.0,14621.0,14202.0,14261.0,14133.0,15005.0
14769.0,14607.0,14974.0,14720.0,14650.0,14650.0,14216.0,14236.0,14131.0,14992.0
14780.0,14583.0,14943.0,14720.0,14651.0,14642.0,14257.0,14217.0,14167.0,14977.0
14810.0,14549.0,14919.0,14731.0,14655.0,14609.0,14276.0,14236.0,14194.0,14986.0
14810.0,14560.0,14930.0,14789.0,14647.0,14599.0,14281.0,14239.0,14215.0,15004.0
14784.0,14576.0,14914.0,14768.0,14660.0,14590.0,14319.0,14250.0,14254.0,14987.0
14758.0,14546.0,14909.0,14772.0,14666.0,14606.0,14342.0,14214.0,14254.0,15002.0
14768.0,14582.0,14916.0,14818.0,14669.0,14566.0,14323.0,14189.0,14257.0,14972.0
14760.0,14588.0,14892.0,14811.0,14670.0,14534.0,14329.0,14202.0,14238.0,14932.0
14752.0,14614.0,14852.0,14791.0,14680.0,14501.0,14335.0,14200.0,14278.0,14935.0
14749.0,14590.0,14861.0,14778.0,14646.0,14492.0,14343.0,14182.0,14291.0,14950.0
14775.0,14574.0,14889.0,14786.0,14624.0,14470.0,14316.0,14158.0,14255.0,14949.0
14753.0,14552.0,14842.0,14782.0,14625.0,14472.0,14286.0,14133.0,14259.0,14961.0
14717.0,14546.0,14838.0,14765.0,14623.0,14473.0,14240.0,14147.0,14292.0,14936.0
14696.0,14572.0,14832.0,14787.0,14678.0,14467.0,14223.0,14144.0,14301.0,14916.0
14699.0,14550.0,14807.0,14800.0,14697.0,14457.0,14185.0,14159.0,14283.0,14913.0
14689.0,14546.0,14794.0,14764.0,14674.0,14449.0,14187.0,14144.0,14290.0,14919.0
14658.0,14546.0,14768.0,14789.0,14648.0,14407.0,14186.0,14122.0,14296.0,14938.0
14619.0,14562.0,14750.0,14787.0,14650.0,14374.0,14188.0,14108.0,14307.0,14941.0
14603.0,14556.0,14751.0,14767.0,14627.0,14340.0,14159.0,14084.0,14323.0,14934.0
14593.0,14516.0,14730.0,14776.0,14633.0,14317.0,14146.0,14060.0,14339.0,14913.0
14599.0,14495.0,14745.0,14765.0,14593.0,14302.0,14146.0,13992.0,14323.0,14918.0
14594.0,14450.0,14722.0,14763.0,14601.0,14321.0,14152.0,13983.0,14296.0,14902.0
14576.0,14454.0,14698.0,14765.0,14593.0,14291.0,14149.0,13965.0,14298.0,14890.0
14544.0,14444.0,14644.0,14760.0,14602.0,14275.0,14139.0,13935.0,14323.0,14872.0
14523.0,14470.0,14641.0,14724.0,14625.0,14257.0,14131.0,13919.0,14303.0,14845.0
14530.0,14433.0,14615.0,14743.0,14627.0,14251.0,14089.0,13901.0,14279.0,14842.0
14522.0,14387.0,14582.0,14744.0,14595.0,14253.0,14082.0,13866.0,14267.0,14820.0
14511.0,14356.0,14566.0,14707.0,14594.0,14222.0,14103.0,13887.0,14266.0,14822.0
14510.0,14327.0,14540.0,14693.0,14586.0,14219.0,14101.0,13856.0,14289.0,14799.0
14474.0,14326.0,14529.0,14704.0,14563.0,14194.0,14094.0,13843.0,14257.0,14798.0
14468.0,14309.0,14493.0,14669.0,14536.0,14153.0,14052.0,13819.0,14263.0,14801.0
14411.0,14326.0,14448.0,14669.0,14522.0,14136.0,14050.0,13800.0,14257.0,14800.0
14390.0,14305.0,14418.0,14649.0,14495.0,14153.0,14043.0,13784.0,14214.0,14769.0
14340.0,14270.0,14411.0,14628.0,14478.0,14131.0,14003.0,13777.0,14220.0,14717.0
14313.0,14224.0,14394.0,14641.0,14457.0,14100.0,13966.0,13747.0,14221.0,14698.0
14287.0,14199.0,14367.0,14606.0,14426.0,14057.0,13946.0,13738.0,14190.0,14637.0
14252.0,14178.0,14344.0,14607.0,14398.0,14050.0,13909.0,13706.0,14160.0,14617.0
14240.0,14164.0,14342.0,14576.0,14390.0,14014.0,13887.0,13684.0,14161.0,14602.0
14220.0,14150.0,14318.0,14568.0,14355.0,14003.0,13852.0,13682.0,14133.0,14579.0
14209.0,14112.0,14313.0,14531.0,14345.0,13971.0,13855.0,13635.0,14120.0,14562.0
14188.0,14060.0,14297.0,14495.0,14317.0,13932.0,13821.0,13605.0,14138.0,14519.0
14166.0,14028.0,14254.0,14464.0,14274.0,13909.0,13790.0,13598.0,14106.0,14489.0
14112.0,14006.0,14227.0,14443.0,14249.0,13880.0,13763.0,13580.0,14074.0,14452.0
14098.0,14008.0,14208.0,14420.0,14224.0,13841.0,13736.0,13550.0,14058.0,14433.0
14071.0,13964.0,14165.0,14370.0,14205.0,13794.0,13720.0,13525.0,14017.0,14400.0
14038.0,13946.0,14169.0,14328.0,14200.0,13772.0,13704.0,13483.0,14006.0,14363.0
13996.0,13928.0,14143.0,14278.0,14156.0,13733.0,13692.0,13449.0,13997.0,14312.0
13986.0,13882.0,14116.0,14251.0,14143.0,13706.0,13655.0,13413.0,13968.0,14289.0
13960.0,13838.0,14087.0,14236.0,14122.0,13684.0,13650.0,13356.0,13958.0,14256.0
13928.0,13839.0,14054.0,14208.0,14068.0,13640.0,13634.0,13318.0,13942.0,14195.0
13866.0,13796.0,14008.0,14172.0,14019.0,13602.0,13622.0,13295.0,13941.0,14162.0
13821.0,13787.0,13970.0,14136.0,14014.0,13558.0,13602.0,13254.0,13919.0,14128.0
13795.0,13784.0,13939.0,14109.0,13991.0,13556.0,13576.0,13200.0,13890.0,14097.0
13738.0,13765.0,13897.0,14066.0,13939.0,13517.0,13557.0,13154.0,13913.0,14060.0
13743.0,13773.0,13877.0,14040.0,13903.0,13498.0,13541.0,13119.0,13879.0,14014.0
13727.0,13764.0,13848.0,14012.0,13868.0,13490.0,13544.0,13083.0,13870.0,14013.0
13710.0,13725.0,13824.0,13983.0,13818.0,13449.0,13491.0,13060.0,13834.0,13975.0
13658.0,13699.0,13780.0,13936.0,13786.0,13407.0,13508.0,13051.0,13826.0,13945.0
13623.0,13648.0,13745.0,13883.0,13762.0,13377.0,13473.0,13002.0,13787.0,13909.0
13584.0,13597.0,13719.0,13824.0,13722.0,13341.0,13455.0,12998.0,13765.0,13902.0
13566.0,13578.0,13683.0,13794.0,13716.0,13331.0,13465.0,12979.0,13724.0,13849.0
13525.0,13546.0,13664.0,13750.0,13725.0,13286.0,13433.0,12962.0,13683.0,13853.0
13486.0,13515.0,13617.0,13728.0,13691.0,13274.0,13414.0,12920.0,13676.0,13807.0
13449.0,13478.0,13599.0,13687.0,13647.0,13244.0,13378.0,12909.0,13605.0,13793.0
13438.0,13457.0,13576.0,13649.0,13587.0,13243.0,13366.0,12884.0,13556.0,13776.0
13413.0,13410.0,13508.0,13598.0,13563.0,13224.0,13318.0,12859.0,13529.0,13740.0
13359.0,13369.0,13451.0,13576.0,13546.0,13170.0,13306.0,12823.0,13478.0,13719.0
13339.0,13342.0,13441.0,13522.0,13493.0,13148.0,13249.0,12804.0,13450.0,13702.0
13296.0,13316.0,13376.0,13488.0,13468.0,13110.0,13197.0,12770.0,13429.0,13662.0
13249.0,13289.0,13320.0,13456.0,13415.0,13074.0,13157.0,12754.0,13400.0,13628.0
13194.0,13257.0,13272.0,13409.0,13393.0,13028.0,13146.0,12705.0,13387.0,13607.0
13133.0,13208.0,13256.0,13371.0,13354.0,12986.0,13119.0,12673.0,13367.0,13562.0
13063.0,13160.0,13186.0,13349.0,13328.0,12977.0,13088.0,12646.0,13322.0,13508.0
13035.0,13118.0,13166.0,13307.0,13294.0,12932.0,13078.0,12618.0,13283.0,13486.0
12986.0,13098.0,13120.0,13276.0,13276.0,12927.0,13035.0,12588.0,13271.0,13456.0
12939.0,13045.0,13110.0,13260.0,13239.0,12885.0,12996.0,12562.0,13229.0,13424.0
12926.0,12991.0,13066.0,13237.0,13215.0,12851.0,12968.0,12521.0,13210.0,13387.0
12906.0,12959.0,13034.0,13180.0,13198.0,12805.0,12925.0,12477.0,13170.0,13338.0
12852.0,12901.0,12984.0,13134.0,13149.0,12765.0,12900.0,12444.0,13151.0,13318.0
12811.0,12841.0,12967.0,13115.0,13134.0,12722.0,12900.0,12412.0,13113.0,13297.0
12756.0,12798.0,12933.0,13058.0,13111.0,12685.0,12880.0,12362.0,13056.0,13245.0
12742.0,12753.0,12882.0,13032.0,13067.0,12629.0,12839.0,12323.0,13053.0,13178.0
12675.0,12742.0,12861.0,12999.0,13010.0,12604.0,12818.0,12276.0,13029.0,13156.0
12626.0,12707.0,12823.0,12944.0,12953.0,12549.0,12810.0,12238.0,12981.0,13122.0
12582.0,12663.0,12789.0,12922.0,12918.0,12515.0,12785.0,12240.0,12951.0,13063.0
12530.0,12633.0,12778.0,12910.0,12876.0,12483.0,12744.0,12183.0,12933.0,13032.0
12499.0,12564.0,12747.0,12879.0,12839.0,12420.0,12664.0,12126.0,12898.0,13013.0
12466.0,12545.0,12756.0,12826.0,12808.0,12395.0,12628.0,12121.0,12861.0,12981.0
12423.0,12520.0,12712.0,12806.0,12772.0,12379.0,12599.0,12075.0,12833.0,12943.0
12409.0,12494.0,12692.0,12774.0,12729.0,12336.0,12574.0,12064.0,12794.0,12946.0
12375.0,12474.0,12673.0,12739.0,12678.0,12274.0,12548.0,12042.0,12749.0,12908.0
12354.0,12463.0,12671.0,12732.0,12656.0,12245.0,12518.0,11998.0,12720.0,12840.0
12336.0,12428.0,12639.0,12695.0,12628.0,12202.0,12467.0,11956.0,12692.0,12767.0
12311.0,12397.0,12595.0,12641.0,12582.0,12144.0,12461.0,11917.0,12657.0,12722.0
12260.0,12360.0,12560.0,12596.0,12561.0,12110.0,12417.0,11904.0,12627.0,12684.0
12236.0,12277.0,12519.0,12557.0,12503.0,12073.0,12404.0,11851.0,12571.0,12651.0
12179.0,12216.0,12485.0,12543.0,12452.0,12062.0,12367.0,11807.0,12545.0,12636.0
12153.0,12173.0,12445.0,12472.0,12410.0,12037.0,12339.0,11761.0,12519.0,12582.0
12117.0,12116.0,12411.0,12422.0,12371.0,11975.0,12298.0,11704.0,12497.0,12541.0
12065.0,12069.0,12350.0,12365.0,12323.0,11937.0,12266.0,11664.0,12484.0,12499.0
12029.0,12026.0,12312.0,12313.0,12269.0,11901.0,12212.0,11639.0,12446.0,12439.0
12012.0,11986.0,12272.0,12285.0,12234.0,11860.0,12167.0,11615.0,12393.0,12411.0
11980.0,11931.0,12214.0,12219.0,12195.0,11829.0,12121.0,11577.0,12381.0,12378.0
11947.0,11881.0,12173.0,12200.0,12160.0,11797.0,12104.0,11537.0,12350.0,12358.0
11904.0,11841.0,12151.0,12164.0,12130.0,11748.0,12061.0,11500.0,12307.0,12326.0
11837.0,11792.0,12128.0,12129.0,12078.0,11723.0,12015.0,11431.0,12270.0,12248.0
11799.0,11758.0,12066.0,12107.0,12054.0,11676.0,11956.0,11376.0,12232.0,12231.0
11754.0,11731.0,12006.0,12074.0,11994.0,11625.0,11936.0,11330.0,12243.0,12173.0
11724.0,11728.0,11998.0,12040.0,11947.0,11589.0,11887.0,11290.0,12183.0,12152.0
11663.0,11706.0,11962.0,12005.0,11921.0,11530.0,11860.0,11272.0,12150.0,12122.0
11606.0,11668.0,11921.0,11974.0,11882.0,11492.0,11809.0,11233.0,12104.0,12108.0
11561.0,11646.0,11885.0,11945.0,11855.0,11431.0,11791.0,11173.0,12061.0,12054.0
11515.0,11614.0,11853.0,11931.0,11815.0,11406.0,11755.0,11142.0,12026.0,12011.0
11478.0,11586.0,11816.0,11919.0,11756.0,11376.0,11736.0,11096.0,11988.0,11995.0
11454.0,11521.0,11799.0,11879.0,11708.0,11327.0,11685.0,11039.0,11934.0,11950.0
11403.0,11501.0,11752.0,11831.0,11680.0,11292.0,11653.0,11003.0,11876.0,11897.0
11352.0,11455.0,11718.0,11820.0,11652.0,11283.0,11639.0,10953.0,11850.0,11857.0
11308.0,11416.0,11661.0,11768.0,11625.0,11260.0,11584.0,10919.0,11821.0,11778.0
11275.0,11386.0,11611.0,11750.0,11586.0,11207.0,11538.0,10869.0,11770.0,11717.0
11240.0,11342.0,11563.0,11690.0,11549.0,11174.0,11510.0,10841.0,11752.0,11665.0
11178.0,11304.0,11496.0,11631.0,11538.0,11126.0,11429.0,10769.0,11704.0,11615.0
11140.0,11278.0,11450.0,11572.0,11494.0,11091.0,11400.0,10717.0,11649.0,11572.0
11072.0,11235.0,11408.0,11522.0,11473.0,11063.0,11360.0,10690.0,11629.0,11527.0
11002.0,11219.0,11368.0,11510.0,11437.0,11022.0,11305.0,10662.0,11604.0,11474.0
10955.0,11155.0,11329.0,11474.0,11397.0,10977.0,11272.0,10606.0,11586.0,11430.0
10921.0,11134.0,11298.0,11436.0,11335.0,10932.0,11236.0,10576.0,11540.0,11373.0
10875.0,11105.0,11254.0,11391.0,11302.0,10882.0,11157.0,10562.0,11488.0,11354.0
10835.0,11054.0,11210.0,11329.0,11249.0,10821.0,11101.0,10517.0,11456.0,11335.0
10793.0,11009.0,11155.0,11284.0,11230.0,10775.0,11074.0,10494.0,11389.0,11304.0
10768.0,10940.0,11094.0,11236.0,11173.0,10733.0,11048.0,10445.0,11341.0,11284.0
10730.0,10907.0,11041.0,11201.0,11139.0,10679.0,10983.0,10387.0,11303.0,11212.0
10716.0,10851.0,11010.0,11156.0,11111.0,10615.0,10918.0,10348.0,11285.0,11169.0
10656.0,10800.0,10961.0,11113.0,11076.0,10564.0,10886.0,10306.0,11229.0,11108.0
10626.0,10762.0,10906.0,11055.0,11033.0,10527.0,10831.0,10248.0,11198.0,11063.0
10586.0,10717.0,10885.0,11004.0,11017.0,10487.0,10775.0,10208.0,11163.0,11018.0
10563.0,10644.0,10852.0,10951.0,10972.0,10452.0,10734.0,10184.0,11121.0,10990.0
10503.0,10598.0,10813.0,10874.0,10913.0,10374.0,10688.0,10140.0,11054.0,10939.0
10467.0,10546.0,10787.0,10816.0,10875.0,10349.0,10656.0,10102.0,11028.0,10896.0
10427.0,10489.0,10745.0,10779.0,10840.0,10333.0,10641.0,10072.0,10997.0,10867.0
10386.0,10438.0,10723.0,10724.0,10799.0,10273.0,10585.0,10046.0,10967.0,10827.0
10334.0,10366.0,10669.0,10704.0,10756.0,10225.0,10569.0,10011.0,10924.0,10795.0
10310.0,10345.0,10615.0,10652.0,10687.0,10181.0,10520.0,9974.0,10875.0,10744.0
10246.0,10303.0,10592.0,10590.0,10637.0,10119.0,10458.0,9951.0,10834.0,10725.0
10203.0,10252.0,10531.0,10562.0,10577.0,10095.0,10419.0,9911.0,10790.0,10677.0
10175.0,10213.0,10493.0,10515.0,10530.0,10069.0,10385.0,9888.0,10731.0,10630.0
10143.0,10162.0,10439.0,10471.0,10500.0,10035.0,10339.0,9848.0,10662.0,10590.0
10102.0,10130.0,10397.0,10418.0,10450.0,9975.0,10290.0,9820.0,10631.0,10554.0
10049.0,10070.0,10363.0,10372.0,10419.0,9929.0,10230.0,9808.0,10608.0,10515.0
10021.0,10048.0,10331.0,10333.0,10395.0,9900.0,10182.0,9779.0,10567.0,10475.0
10000.0,10012.0,10279.0,10302.0,10337.0,9858.0,10171.0,9750.0,10544.0,10443.0
9950.0,9955.0,10232.0,10254.0,10301.0,9834.0,10137.0,9701.0,10498.0,10397.0
9924.0,9914.0,10199.0,10199.0,10265.0,9806.0,10089.0,9645.0,10461.0,10345.0
9873.0,9896.0,10150.0,10129.0,10236.0,9766.0,10049.0,9626.0,10425.0,10308.0
9840.0,9844.0,10110.0,10090.0,10156.0,9733.0,10020.0,9586.0,10400.0,10246.0
9817.0,9810.0,10086.0,10038.0,10116.0,9689.0,9977.0,9543.0,10351.0,10210.0
9781.0,9773.0,10014.0,9974.0,10073.0,9632.0,9930.0,9494.0,10313.0,10165.0
9740.0,9727.0,9981.0,9946.0,10004.0,9588.0,9888.0,9449.0,10263.0,10148.0
9691.0,9677.0,9952.0,9906.0,9950.0,9548.0,9847.0,9419.0,10242.0,10092.0
9680.0,9646.0,9901.0,9861.0,9931.0,9507.0,9798.0,9387.0,10161.0,10048.0
9651.0,9617.0,9868.0,9835.0,9904.0,9475.0,9780.0,9346.0,10096.0,10005.0
9587.0,9583.0,9831.0,9800.0,9863.0,9446.0,9740.0,9293.0,10054.0,9962.0
9555.0,9558.0,9788.0,9755.0,9798.0,9425.0,9685.0,9254.0,10036.0,9934.0
9493.0,9522.0,9747.0,9708.0,9742.0,9387.0,9653.0,9206.0,9980.0,9898.0
9432.0,9497.0,9707.0,9643.0,9692.0,9359.0,9601.0,9168.0,9948.0,9863.0
9391.0,9456.0,9670.0,9600.0,9650.0,9324.0,9560.0,9128.0,9901.0,9813.0
9349.0,9411.0,9607.0,9547.0,9618.0,9271.0,9531.0,9083.0,9863.0,9763.0
9301.0,9371.0,9569.0,9504.0,9564.0,9226.0,9492.0,9021.0,9814.0,9727.0
9243.0,9319.0,9515.0,9448.0,9517.0,9188.0,9449.0,8989.0,9775.0,9666.0
9221.0,9284.0,9483.0,9406.0,9470.0,9149.0,9406.0,8933.0,9723.0,9606.0
9165.0,9245.0,9425.0,9356.0,9422.0,9109.0,9349.0,8889.0,9685.0,9553.0
9117.0,9203.0,9381.0,9303.0,9369.0,9081.0,9318.0,8861.0,9651.0,9523.0
9079.0,9186.0,9320.0,9257.0,9323.0,9062.0,9278.0,8832.0,9608.0,9495.0
9019.0,9150.0,9281.0,9189.0,9301.0,9012.0,9250.0,8790.0,9584.0,9461.0
8951.0,9113.0,9230.0,9149.0,9253.0,8960.0,9215.0,8775.0,9542.0,9386.0
8928.0,9090.0,9177.0,9136.0,9218.0,8928.0,9181.0,8740.0,9503.0,9360.0
8881.0,9056.0,9142.0,9098.0,9180.0,8859.0,9154.0,8691.0,9488.0,9316.0
8860.0,9008.0,9114.0,9060.0,9131.0,8815.0,9114.0,8645.0,9461.0,9264.0
8822.0,8974.0,9080.0,9016.0,9082.0,8780.0,9054.0,8575.0,9432.0,9233.0
8790.0,8957.0,9034.0,8973.0,9041.0,8740.0,9020.0,8529.0,9400.0,9189.0
8753.0,8926.0,9006.0,8941.0,9006.0,8711.0,8993.0,8480.0,9370.0,9135.0
8731.0,8887.0,8960.0,8895.0,8967.0,8676.0,8942.0,8443.0,9320.0,9093.0
8686.0,8852.0,8919.0,8849.0,8905.0,8630.0,8893.0,8384.0,9265.0,9057.0
8648.0,8831.0,8887.0,8800.0,8865.0,8600.0,8873.0,8363.0,9226.0,9030.0
8610.0,8809.0,8857.0,8794.0,8815.0,8569.0,8819.0,8323.0,9170.0,8955.0
8564.0,8760.0,8811.0,8729.0,8807.0,8520.0,8776.0,8287.0,9126.0,8910.0
8498.0,8731.0,8778.0,8689.0,8775.0,8501.0,8737.0,8272.0,9080.0,8865.0
8466.0,8695.0,8741.0,8655.0,8738.0,8480.0,8697.0,8259.0,9039.0,8804.0
8408.0,8647.0,8707.0,8637.0,8700.0,8445.0,8653.0,8227.0,9004.0,8770.0
8375.0,8613.0,8681.0,8592.0,8642.0,8404.0,8604.0,8177.0,8957.0,8709.0
8314.0,8594.0,8650.0,8552.0,8604.0,8376.0,8550.0,8153.0,8917.0,8643.0
8289.0,8553.0,8601.0,8499.0,8569.0,8347.0,8519.0,8107.0,8876.0,8604.0
8249.0,8507.0,8564.0,8457.0,8528.0,8302.0,8475.0,8047.0,8834.0,8566.0
8236.0,8467.0,8511.0,8419.0,8485.0,8277.0,8430.0,8009.0,8793.0,8517.0
8198.0,8431.0,8474.0,8390.0,8455.0,8239.0,8384.0,7972.0,8759.0,8497.0
8165.0,8378.0,8436.0,8344.0,8428.0,8197.0,8335.0,7938.0,8706.0,8446.0
8143.0,8354.0,8383.0,8282.0,8384.0,8151.0,8286.0,7918.0,8686.0,8417.0
8091.0,8314.0,8358.0,8247.0,8353.0,8110.0,8244.0,7888.0,8643.0,8370.0
8065.0,8291.0,8316.0,8217.0,8326.0,8093.0,8215.0,7852.0,8606.0,8335.0
8010.0,8269.0,8289.0,8188.0,8291.0,8036.0,8158.0,7793.0,8565.0,8286.0
7972.0,8235.0,8252.0,8151.0,8260.0,8007.0,8116.0,7746.0,8492.0,8238.0
7936.0,8196.0,8202.0,8103.0,8206.0,7973.0,8089.0,7694.0,8468.0,8193.0
7890.0,8144.0,8171.0,8069.0,8170.0,7929.0,8048.0,7665.0,8415.0,8153.0
7837.0,8095.0,8165.0,8047.0,8125.0,7884.0,8011.0,7633.0,8386.0,8114.0
7798.0,8058.0,8114.0,8003.0,8085.0,7846.0,7955.0,7604.0,8358.0,8066.0
7767.0,8009.0,8060.0,7990.0,8069.0,7815.0,7909.0,7576.0,8316.0,8009.0
7732.0,7968.0,8035.0,7957.0,8024.0,7794.0,7864.0,7538.0,8262.0,7968.0
7689.0,7923.0,7992.0,7931.0,8003.0,7741.0,7820.0,7496.0,8234.0,7939.0
7665.0,7883.0,7975.0,7910.0,7963.0,7706.0,7783.0,7475.0,8200.0,7896.0
7623.0,7847.0,7933.0,7877.0,7920.0,7665.0,7758.0,7460.0,8175.0,7867.0
7610.0,7812.0,7891.0,7851.0,7870.0,7643.0,7710.0,7445.0,8116.0,7836.0
7562.0,7786.0,7862.0,7827.0,7831.0,7613.0,7657.0,7406.0,8090.0,7808.0
7527.0,7760.0,7830.0,7772.0,7779.0,7573.0,7627.0,7366.0,8038.0,7754.0
7497.0,7722.0,7801.0,7735.0,7739.0,7529.0,7605.0,7324.0,7999.0,7707.0
7475.0,7662.0,7755.0,7699.0,7698.0,7492.0,7555.0,7272.0,7973.0,7682.0
7428.0,7640.0,7717.0,7668.0,7672.0,7463.0,7509.0,7231.0,7928.0,7656.0
7384.0,7584.0,7671.0,7647.0,7624.0,7434.0,7474.0,7202.0,7881.0,7622.0
7357.0,7551.0,7621.0,7620.0,7584.0,7409.0,7443.0,7179.0,7858.0,7594.0
7336.0,7509.0,7598.0,7598.0,7551.0,7356.0,7405.0,7150.0,7833.0,7541.0
7305.0,7481.0,7565.0,7546.0,7536.0,7307.0,7357.0,7144.0,7802.0,7506.0
7261.0,7443.0,7528.0,7518.0,7496.0,7249.0,7309.0,7108.0,7771.0,7455.0
7214.0,7407.0,7496.0,7479.0,7474.0,7210.0,7269.0,7080.0,7724.0,7432.0
7182.0,7372.0,7458.0,7445.0,7437.0,7174.0,7225.0,7053.0,7689.0,7395.0
7138.0,7332.0,7419.0,7407.0,7411.0,7133.0,7187.0,7012.0,7638.0,7363.0
7112.0,7289.0,7406.0,7381.0,7388.0,7102.0,7154.0,6963.0,7617.0,7326.0
7087.0,7244.0,7351.0,7364.0,7346.0,7062.0,7116.0,6940.0,7583.0,7287.0
7049.0,7201.0,7311.0,7333.0,7318.0,7027.0,7081.0,6909.0,7563.0,7257.0
7010.0,7175.0,7271.0,7305.0,7289.0,7005.0,7041.0,6877.0,7529.0,7219.0
6989.0,7116.0,7252.0,7275.0,7258.0,6972.0,7003.0,6853.0,7500.0,7185.0
6940.0,7081.0,7216.0,7256.0,7224.0,6956.0,6957.0,6823.0,7476.0,7151.0
6918.0,7025.0,7171.0,7225.0,7180.0,6917.0,6920.0,6800.0,7446.0,7130.0
6870.0,6991.0,7112.0,7183.0,7140.0,6872.0,6879.0,6760.0,7417.0,7094.0
6835.0,6967.0,7085.0,7148.0,7108.0,6821.0,6857.0,6717.0,7366.0,7063.0
6823.0,6931.0,7050.0,7105.0,7075.0,6781.0,6831.0,6696.0,7330.0,7010.0
6784.0,6899.0,7011.0,7067.0,7047.0,6751.0,6786.0,6665.0,7305.0,6983.0
6735.0,6874.0,6967.0,7006.0,6988.0,6708.0,6753.0,6641.0,7271.0,6947.0
6693.0,6844.0,6923.0,6980.0,6936.0,6673.0,6721.0,6615.0,7236.0,6908.0
6650.0,6826.0,6883.0,6975.0,6907.0,6648.0,6695.0,6574.0,7216.0,6855.0
6623.0,6788.0,6843.0,6938.0,6888.0,6619.0,6650.0,6548.0,7177.0,6806.0
6585.0,6751.0,6794.0,6915.0,6855.0,6588.0,6609.0,6514.0,7145.0,6754.0
6562.0,6701.0,6755.0,6883.0,6825.0,6549.0,6587.0,6493.0,7093.0,6717.0
6535.0,6673.0,6746.0,6858.0,6770.0,6516.0,6578.0,6458.0,7050.0,6687.0
6502.0,6654.0,6710.0,6821.0,6733.0,6497.0,6519.0,6441.0,7031.0,6642.0
6480.0,6617.0,6673.0,6788.0,6695.0,6471.0,6485.0,6422.0,6992.0,6603.0
6446.0,6578.0,6634.0,6746.0,6676.0,6441.0,6437.0,6372.0,6950.0,6567.0
6408.0,6548.0,6598.0,6705.0,6629.0,6410.0,6395.0,6329.0,6921.0,6546.0
6363.0,6524.0,6577.0,6680.0,6610.0,6391.0,6364.0,6308.0,6891.0,6510.0
6322.0,6488.0,6537.0,6667.0,6580.0,6357.0,6349.0,6278.0,6848.0,6469.0
6277.0,6443.0,6531.0,6633.0,6518.0,6345.0,6324.0,6248.0,6797.0,6428.0
6253.0,6425.0,6535.0,6597.0,6477.0,6304.0,6287.0,6211.0,6773.0,6390.0
6223.0,6399.0,6491.0,6551.0,6436.0,6256.0,6267.0,6180.0,6741.0,6372.0
6174.0,6356.0,6473.0,6520.0,6398.0,6221.0,6245.0,6142.0,6696.0,6349.0
6149.0,6318.0,6431.0,6496.0,6358.0,6191.0,6205.0,6100.0,6676.0,6329.0
6119.0,6280.0,6390.0,6461.0,6306.0,6146.0,6165.0,6062.0,6652.0,6286.0
6099.0,6251.0,6342.0,6427.0,6258.0,6105.0,6129.0,6034.0,6597.0,6251.0
6054.0,6226.0,6302.0,6407.0,6219.0,6087.0,6107.0,6013.0,6552.0,6228.0
6004.0,6201.0,6271.0,6384.0,6185.0,6041.0,6079.0,5980.0,6509.0,6201.0
5958.0,6176.0,6231.0,6353.0,6148.0,6010.0,6045.0,5952.0,6501.0,6151.0
5924.0,6153.0,6218.0,6319.0,6092.0,5970.0,6014.0,5918.0,6478.0,6120.0
5895.0,6127.0,6207.0,6299.0,6077.0,5946.0,5980.0,5877.0,6442.0,6069.0
5857.0,6087.0,6179.0,6256.0,6040.0,5916.0,5960.0,5849.0,6406.0,6042.0
5819.0,6054.0,6143.0,6229.0,6004.0,5891.0,5920.0,5834.0,6361.0,6015.0
5785.0,6030.0,6099.0,6194.0,5972.0,5847.0,5887.0,5815.0,6321.0,5989.0
5750.0,5992.0,6081.0,6160.0,5948.0,5809.0,5851.0,5783.0,6277.0,5938.0
5715.0,5960.0,6047.0,6115.0,5917.0,5782.0,5809.0,5745.0,6250.0,5905.0
5690.0,5933.0,5999.0,6089.0,5865.0,5749.0,5782.0,5704.0,6223.0,5874.0
5662.0,5896.0,5948.0,6062.0,5840.0,5713.0,5762.0,5666.0,6186.0,5835.0
5624.0,5864.0,5905.0,6012.0,5835.0,5681.0,5742.0,5651.0,6153.0,5794.0
5607.0,5828.0,5895.0,5988.0,5800.0,5639.0,5705.0,5628.0,6135.0,5758.0
5572.0,5791.0,5844.0,5957.0,5770.0,5615.0,5677.0,5607.0,6098.0,5713.0
5531.0,5769.0,5807.0,5924.0,5732.0,5587.0,5644.0,5579.0,6050.0,5669.0
5503.0,5756.0,5770.0,5891.0,5710.0,5571.0,5602.0,5527.0,6021.0,5628.0
5485.0,5735.0,5736.0,5869.0,5681.0,5544.0,5558.0,5502.0,5998.0,5575.0
5452.0,5698.0,5705.0,5831.0,5648.0,5514.0,5525.0,5487.0,5978.0,5521.0
5421.0,5647.0,5677.0,5792.0,5630.0,5473.0,5488.0,5452.0,5951.0,5486.0
5380.0,5614.0,5638.0,5760.0,5602.0,5449.0,5452.0,5413.0,5921.0,5455.0
5356.0,5586.0,5601.0,5723.0,5567.0,5407.0,5422.0,5389.0,5899.0,5416.0
5324.0,5558.0,5559.0,5693.0,5532.0,5381.0,5386.0,5369.0,5882.0,5384.0
5262.0,5515.0,5525.0,5657.0,5499.0,5359.0,5339.0,5329.0,5839.0,5360.0
5235.0,5483.0,5498.0,5639.0,5485.0,5315.0,5313.0,5316.0,5800.0,5342.0
5212.0,5461.0,5461.0,5612.0,5446.0,5305.0,5272.0,5284.0,5764.0,5304.0
5188.0,5438.0,5424.0,5573.0,5428.0,5284.0,5244.0,5243.0,5724.0,5283.0
5159.0,5403.0,5387.0,5551.0,5381.0,5249.0,5211.0,5231.0,5679.0,5263.0
5126.0,5372.0,5350.0,5518.0,5365.0,5214.0,5188.0,5197.0,5651.0,5222.0
5079.0,5310.0,5311.0,5491.0,5328.0,5193.0,5170.0,5166.0,5612.0,5193.0
5051.0,5282.0,5285.0,5456.0,5302.0,5181.0,5145.0,5134.0,5584.0,5168.0
5028.0,5227.0,5250.0,5423.0,5266.0,5156.0,5117.0,5123.0,5554.0,5143.0
5013.0,5204.0,5197.0,5413.0,5237.0,5138.0,5088.0,5104.0,5526.0,5107.0
4987.0,5178.0,5147.0,5382.0,5214.0,5106.0,5063.0,5074.0,5502.0,5074.0
4951.0,5155.0,5123.0,5359.0,5196.0,5078.0,5034.0,5052.0,5466.0,5055.0
4918.0,5130.0,5106.0,5328.0,5183.0,5051.0,5009.0,5031.0,5427.0,5027.0
4886.0,5101.0,5073.0,5285.0,5170.0,5014.0,4975.0,4996.0,5400.0,5017.0
4869.0,5061.0,5033.0,5263.0,5136.0,5002.0,4944.0,4963.0,5365.0,4993.0
4848.0,5018.0,5005.0,5242.0,5097.0,4966.0,4918.0,4948.0,5336.0,4967.0
4808.0,4996.0,4986.0,5213.0,5078.0,4938.0,4890.0,4926.0,5303.0,4926.0
4784.0,4969.0,4950.0,5194.0,5063.0,4912.0,4872.0,4905.0,5264.0,4897.0
4760.0,4943.0,4931.0,5176.0,5043.0,4879.0,4836.0,4874.0,5246.0,4877.0
4759.0,4906.0,4917.0,5150.0,5007.0,4844.0,4817.0,4834.0,5222.0,4855.0
4738.0,4884.0,4897.0,5128.0,4969.0,4823.0,4772.0,4803.0,5182.0,4832.0
4722.0,4853.0,4865.0,5100.0,4938.0,4794.0,4740.0,4776.0,5158.0,4816.0
4686.0,4823.0,4838.0,5079.0,4916.0,4767.0,4709.0,4746.0,5134.0,4797.0
4650.0,4816.0,4811.0,5043.0,4899.0,4741.0,4684.0,4731.0,5118.0,4761.0
4616.0,4802.0,4787.0,5021.0,4878.0,4726.0,4658.0,4706.0,5117.0,4746.0
4586.0,4788.0,4761.0,5000.0,4867.0,4707.0,4635.0,4676.0,5087.0,4722.0
4563.0,4756.0,4737.0,4989.0,4839.0,4670.0,4616.0,4647.0,5079.0,4696.0
4545.0,4743.0,4723.0,4965.0,4814.0,4623.0,4599.0,4623.0,5046.0,4661.0
4518.0,4720.0,4678.0,4946.0,4788.0,4603.0,4581.0,4592.0,5025.0,4625.0
4483.0,4701.0,4646.0,4925.0,4753.0,4576.0,4552.0,4577.0,5005.0,4608.0
4463.0,4675.0,4618.0,4895.0,4724.0,4548.0,4517.0,4558.0,4977.0,4596.0
4450.0,4659.0,4602.0,4863.0,4702.0,4540.0,4504.0,4520.0,4951.0,4572.0
4423.0,4614.0,4574.0,4831.0,4669.0,4508.0,4503.0,4501.0,4931.0,4548.0
4395.0,4596.0,4526.0,4797.0,4646.0,4472.0,4485.0,4488.0,4902.0,4531.0
4387.0,4588.0,4490.0,4784.0,4622.0,4448.0,4478.0,4465.0,4876.0,4512.0
4365.0,4563.0,4465.0,4755.0,4605.0,4421.0,4483.0,4444.0,4848.0,4482.0
4324.0,4535.0,4436.0,4737.0,4578.0,4395.0,4468.0,4421.0,4828.0,4462.0
4316.0,4504.0,4417.0,4731.0,4553.0,4361.0,4441.0,4403.0,4803.0,4448.0
4287.0,4477.0,4391.0,4696.0,4517.0,4342.0,4418.0,4363.0,4768.0,4425.0
4254.0,4473.0,4369.0,4670.0,4500.0,4320.0,4405.0,4331.0,4725.0,4392.0
4238.0,4465.0,4346.0,4654.0,4474.0,4287.0,4384.0,4310.0,4693.0,4371.0
4219.0,4449.0,4311.0,4626.0,4448.0,4262.0,4370.0,4279.0,4655.0,4342.0
4203.0,4427.0,4282.0,4586.0,4426.0,4239.0,4357.0,4258.0,4636.0,4330.0
4179.0,4402.0,4260.0,4560.0,4383.0,4216.0,4326.0,4229.0,4615.0,4300.0
4149.0,4382.0,4238.0,4538.0,4364.0,4196.0,4304.0,4200.0,4586.0,4294.0
4138.0,4371.0,4215.0,4515.0,4337.0,4171.0,4276.0,4180.0,4548.0,4287.0
4120.0,4360.0,4194.0,4499.0,4305.0,4160.0,4257.0,4165.0,4526.0,4256.0
4088.0,4341.0,4169.0,4466.0,4279.0,4139.0,4235.0,4146.0,4511.0,4224.0
4071.0,4319.0,4155.0,4446.0,4257.0,4115.0,4216.0,4134.0,4482.0,4200.0
4045.0,4298.0,4136.0,4415.0,4228.0,4088.0,4194.0,4108.0,4456.0,4178.0
4024.0,4266.0,4116.0,4394.0,4213.0,4069.0,4163.0,4092.0,4431.0,4154.0
4008.0,4244.0,4087.0,4372.0,4184.0,4050.0,4141.0,4066.0,4413.0,4138.0
3992.0,4225.0,4070.0,4350.0,4158.0,4024.0,4122.0,4048.0,4393.0,4121.0
3972.0,4212.0,4035.0,4325.0,4138.0,4002.0,4107.0,4025.0,4352.0,4095.0
3945.0,4180.0,4003.0,4296.0,4113.0,3974.0,4090.0,4011.0,4337.0,4081.0
3944.0,4141.0,3969.0,4278.0,4093.0,3949.0,4079.0,3994.0,4310.0,4067.0
3928.0,4125.0,3947.0,4250.0,4058.0,3928.0,4060.0,3974.0,4283.0,4046.0
3908.0,4088.0,3928.0,4225.0,4042.0,3908.0,4042.0,3953.0,4243.0,4014.0
3885.0,4078.0,3913.0,4202.0,4023.0,3874.0,4029.0,3923.0,4208.0,3991.0
3853.0,4055.0,3895.0,4170.0,4005.0,3859.0,4004.0,3902.0,4183.0,3965.0
3835.0,4037.0,3879.0,4146.0,3976.0,3852.0,3989.0,3886.0,4155.0,3920.0
3822.0,4012.0,3848.0,4118.0,3957.0,3832.0,3970.0,3864.0,4141.0,3895.0
3810.0,3978.0,3826.0,4103.0,3933.0,3809.0,3954.0,3850.0,4118.0,3886.0
3797.0,3951.0,3805.0,4090.0,3923.0,3798.0,3939.0,3840.0,4079.0,3870.0
3773.0,3934.0,3769.0,4065.0,3890.0,3777.0,3912.0,3832.0,4062.0,3836.0
3749.0,3908.0,3747.0,4056.0,3866.0,3758.0,3890.0,3800.0,4053.0,3824.0
3725.0,3894.0,3722.0,4023.0,3852.0,3742.0,3869.0,3786.0,4027.0,3794.0
3711.0,3880.0,3686.0,4009.0,3826.0,3721.0,3851.0,3758.0,3994.0,3780.0
3673.0,3852.0,3658.0,3994.0,3813.0,3701.0,3834.0,3741.0,3975.0,3756.0
3639.0,3828.0,3636.0,3967.0,3795.0,3680.0,3788.0,3706.0,3955.0,3729.0
3620.0,3810.0,3621.0,3940.0,3780.0,3680.0,3770.0,3680.0,3935.0,3712.0
3605.0,3788.0,3598.0,3930.0,3766.0,3662.0,3745.0,3663.0,3903.0,3706.0
3587.0,3765.0,3575.0,3913.0,3756.0,3634.0,3727.0,3643.0,3892.0,3671.0
3565.0,3739.0,3555.0,3900.0,3741.0,3607.0,3706.0,3629.0,3869.0,3660.0
3542.0,3726.0,3531.0,3881.0,3715.0,3565.0,3683.0,3620.0,3839.0,3633.0
3514.0,3705.0,3510.0,3862.0,3705.0,3549.0,3671.0,3600.0,3830.0,3619.0
3495.0,3667.0,3489.0,3845.0,3696.0,3528.0,3654.0,3577.0,3814.0,3588.0
3472.0,3639.0,3473.0,3826.0,3683.0,3514.0,3636.0,3560.0,3793.0,3570.0
3448.0,3630.0,3453.0,3810.0,3665.0,3489.0,3595.0,3541.0,3792.0,3550.0
3432.0,3609.0,3420.0,3782.0,3641.0,3471.0,3575.0,3517.0,3772.0,3532.0
3410.0,3594.0,3400.0,3769.0,3609.0,3439.0,3550.0,3494.0,3744.0,3499.0
3381.0,3582.0,3382.0,3751.0,3594.0,3407.0,3527.0,3475.0,3708.0,3479.0
3355.0,3570.0,3373.0,3732.0,3582.0,3383.0,3506.0,3452.0,3682.0,3456.0
3339.0,3539.0,3346.0,3723.0,3561.0,3355.0,3490.0,3435.0,3658.0,3444.0
3320.0,3525.0,3322.0,3703.0,3528.0,3341.0,3458.0,3415.0,3637.0,3426.0
3309.0,3501.0,3289.0,3691.0,3509.0,3317.0,3438.0,3406.0,3621.0,3405.0
3289.0,3495.0,3280.0,3685.0,3478.0,3304.0,3424.0,3390.0,3599.0,3390.0
3264.0,3483.0,3269.0,3661.0,3456.0,3287.0,3405.0,3369.0,3577.0,3383.0
3238.0,3444.0,3250.0,3627.0,3446.0,3259.0,3373.0,3368.0,3545.0,3368.0
3221.0,3436.0,3226.0,3593.0,3435.0,3232.0,3359.0,3347.0,3526.0,3348.0
3211.0,3411.0,3203.0,3584.0,3416.0,3209.0,3357.0,3321.0,3502.0,3348.0
3197.0,3399.0,3189.0,3560.0,3399.0,3189.0,3338.0,3315.0,3484.0,3319.0
3161.0,3390.0,3172.0,3521.0,3384.0,3181.0,3321.0,3299.0,3465.0,3285.0
3147.0,3375.0,3153.0,3496.0,3366.0,3163.0,3300.0,3286.0,3442.0,3276.0
3141.0,3347.0,3131.0,3478.0,3350.0,3145.0,3278.0,3275.0,3413.0,3254.0
3130.0,3323.0,3105.0,3451.0,3333.0,3122.0,3254.0,3265.0,3385.0,3238.0
3115.0,3308.0,3080.0,3436.0,3318.0,3099.0,3233.0,3257.0,3374.0,3222.0
3091.0,3293.0,3061.0,3423.0,3305.0,3084.0,3219.0,3241.0,3363.0,3200.0
3069.0,3270.0,3032.0,3393.0,3288.0,3065.0,3193.0,3212.0,3339.0,3177.0
3055.0,3255.0,3013.0,3372.0,3267.0,3046.0,3171.0,3189.0,3321.0,3166.0
3045.0,3230.0,2995.0,3347.0,3248.0,3028.0,3158.0,3164.0,3292.0,3142.0
3020.0,3207.0,2980.0,3325.0,3234.0,3017.0,3137.0,3152.0,3272.0,3135.0
2996.0,3191.0,2976.0,3294.0,3207.0,3007.0,3112.0,3135.0,3248.0,3119.0
2981.0,3174.0,2957.0,3273.0,3190.0,2997.0,3099.0,3118.0,3228.0,3091.0
2967.0,3163.0,2943.0,3254.0,3168.0,2975.0,3079.0,3096.0,3219.0,3077.0
2937.0,3142.0,2922.0,3223.0,3144.0,2955.0,3044.0,3090.0,3203.0,3071.0
2918.0,3129.0,2910.0,3206.0,3129.0,2937.0,3027.0,3073.0,3192.0,3050.0
2889.0,3121.0,2886.0,3181.0,3107.0,2919.0,3007.0,3062.0,3175.0,3041.0
2875.0,3098.0,2867.0,3180.0,3094.0,2910.0,2984.0,3042.0,3164.0,3029.0
2860.0,3087.0,2847.0,3165.0,3080.0,2893.0,2965.0,3025.0,3156.0,2994.0
2856.0,3067.0,2823.0,3141.0,3077.0,2878.0,2946.0,3017.0,3133.0,2982.0
2843.0,3046.0,2801.0,3123.0,3061.0,2859.0,2927.0,3006.0,3116.0,2963.0
2829.0,3026.0,2789.0,3090.0,3040.0,2847.0,2909.0,2993.0,3101.0,2936.0
2805.0,3006.0,2779.0,3075.0,3027.0,2839.0,2882.0,2968.0,3081.0,2924.0
2796.0,2983.0,2772.0,3046.0,3007.0,2815.0,2878.0,2966.0,3054.0,2911.0
2782.0,2949.0,2760.0,3020.0,2979.0,2808.0,2867.0,2954.0,3036.0,2899.0
2757.0,2940.0,2735.0,3008.0,2965.0,2793.0,2851.0,2935.0,3036.0,2888.0
2742.0,2933.0,2707.0,2989.0,2952.0,2770.0,2838.0,2921.0,3009.0,2877.0
2729.0,2922.0,2698.0,2984.0,2925.0,2753.0,2814.0,2896.0,2980.0,2853.0
2718.0,2903.0,2682.0,2964.0,2906.0,2735.0,2786.0,2884.0,2955.0,2836.0
2719.0,2884.0,2664.0,2949.0,2887.0,2711.0,2770.0,2876.0,2941.0,2825.0
2709.0,2859.0,2644.0,2936.0,2870.0,2706.0,2751.0,2858.0,2923.0,2795.0
2704.0,2840.0,2625.0,2903.0,2854.0,2688.0,2722.0,2839.0,2903.0,2779.0
2688.0,2825.0,2611.0,2887.0,2834.0,2682.0,2712.0,2825.0,2897.0,2770.0
2674.0,2809.0,2590.0,2861.0,2819.0,2689.0,2689.0,2797.0,2879.0,2758.0
2661.0,2786.0,2571.0,2845.0,2800.0,2675.0,2676.0,2773.0,2861.0,2734.0
2653.0,2781.0,2551.0,2841.0,2784.0,2664.0,2663.0,2763.0,2856.0,2727.0
2638.0,2764.0,2543.0,2832.0,2761.0,2636.0,2635.0,2746.0,2843.0,2718.0
2629.0,2755.0,2525.0,2823.0,2748.0,2614.0,2612.0,2727.0,2831.0,2707.0
2612.0,2728.0,2499.0,2797.0,2722.0,2607.0,2605.0,2713.0,2821.0,2686.0
2603.0,2716.0,2487.0,2787.0,2718.0,2590.0,2582.0,2696.0,2795.0,2680.0
2586.0,2700.0,2475.0,2780.0,2711.0,2569.0,2568.0,2687.0,2781.0,2667.0
2572.0,2688.0,2466.0,2766.0,2693.0,2556.0,2549.0,2667.0,2769.0,2658.0
2562.0,2684.0,2444.0,2753.0,2674.0,2538.0,2531.0,2655.0,2756.0,2644.0
2535.0,2668.0,2421.0,2753.0,2655.0,2518.0,2508.0,2640.0,2743.0,2626.0
2523.0,2656.0,2415.0,2742.0,2650.0,2490.0,2489.0,2626.0,2720.0,2610.0
2513.0,2640.0,2396.0,2728.0,2626.0,2472.0,2466.0,2613.0,2709.0,2594.0
2514.0,2632.0,2375.0,2701.0,2610.0,2459.0,2456.0,2597.0,2698.0,2584.0
2501.0,2609.0,2359.0,2690.0,2601.0,2455.0,2454.0,2578.0,2693.0,2580.0
2488.0,2600.0,2348.0,2677.0,2591.0,2446.0,2445.0,2579.0,2689.0,2563.0
2477.0,2587.0,2341.0,2650.0,2572.0,2432.0,2434.0,2567.0,2668.0,2554.0
2471.0,2574.0,2333.0,2639.0,2560.0,2424.0,2410.0,2552.0,2640.0,2523.0
2457.0,2553.0,2331.0,2619.0,2534.0,2408.0,2390.0,2541.0,2613.0,2521.0
2441.0,2540.0,2322.0,2607.0,2520.0,2395.0,2375.0,2530.0,2592.0,2495.0
2420.0,2533.0,2299.0,2598.0,2508.0,2379.0,2369.0,2515.0,2568.0,2471.0
2409.0,2521.0,2283.0,2572.0,2494.0,2368.0,2364.0,2494.0,2559.0,2463.0
2394.0,2501.0,2272.0,2561.0,2473.0,2360.0,2349.0,2478.0,2546.0,2445.0
2375.0,2485.0,2269.0,2550.0,2449.0,2352.0,2339.0,2481.0,2531.0,2428.0
2371.0,2471.0,2255.0,2532.0,2432.0,2344.0,2315.0,2467.0,2510.0,2415.0
2358.0,2463.0,2233.0,2510.0,2421.0,2325.0,2295.0,2454.0,2493.0,2398.0
2333.0,2447.0,2217.0,2502.0,2403.0,2299.0,2288.0,2440.0,2479.0,2383.0
2319.0,2431.0,2207.0,2496.0,2383.0,2283.0,2278.0,2417.0,2451.0,2364.0
2307.0,2420.0,2195.0,2478.0,2375.0,2273.0,2268.0,2397.0,2446.0,2361.0
2290.0,2401.0,2171.0,2467.0,2353.0,2265.0,2254.0,2388.0,2437.0,2347.0
2281.0,2382.0,2165.0,2463.0,2337.0,2254.0,2244.0,2382.0,2427.0,2340.0
2264.0,2361.0,2156.0,2444.0,2328.0,2240.0,2230.0,2375.0,2418.0,2320.0
2249.0,2350.0,2139.0,2431.0,2307.0,2232.0,2215.0,2352.0,2398.0,2302.0
2237.0,2331.0,2127.0,2415.0,2297.0,2219.0,2200.0,2339.0,2380.0,2307.0
2217.0,2316.0,2106.0,2397.0,2283.0,2221.0,2184.0,2324.0,2365.0,2301.0
2210.0,2300.0,2099.0,2390.0,2272.0,2205.0,2171.0,2314.0,2352.0,2286.0
2198.0,2275.0,2079.0,2380.0,2264.0,2182.0,2159.0,2291.0,2336.0,2281.0
2184.0,2262.0,2062.0,2372.0,2254.0,2160.0,2157.0,2280.0,2333.0,2268.0
2180.0,2245.0,2051.0,2359.0,2246.0,2151.0,2149.0,2267.0,2315.0,2254.0
2172.0,2231.0,2033.0,2346.0,2249.0,2134.0,2131.0,2260.0,2304.0,2235.0
2160.0,2219.0,2022.0,2324.0,2242.0,2117.0,2111.0,2258.0,2289.0,2219.0
2140.0,2209.0,2006.0,2315.0,2231.0,2106.0,2101.0,2252.0,2274.0,2204.0
2127.0,2198.0,1986.0,2322.0,2217.0,2094.0,2087.0,2239.0,2251.0,2185.0
2119.0,2191.0,1977.0,2305.0,2205.0,2081.0,2074.0,2220.0,2231.0,2177.0
2100.0,2174.0,1959.0,2284.0,2192.0,2072.0,2052.0,2212.0,2213.0,2163.0
2090.0,2166.0,1939.0,2272.0,2177.0,2058.0,2047.0,2198.0,2199.0,2146.0
2070.0,2148.0,1928.0,2261.0,2165.0,2039.0,2029.0,2192.0,2181.0,2136.0
2057.0,2137.0,1904.0,2246.0,2160.0,2025.0,2022.0,2170.0,2168.0,2124.0
2041.0,2130.0,1893.0,2230.0,2154.0,2019.0,2008.0,2159.0,2155.0,2116.0
2025.0,2117.0,1889.0,2220.0,2145.0,2005.0,1994.0,2155.0,2138.0,2109.0
2014.0,2105.0,1870.0,2203.0,2129.0,2001.0,1984.0,2137.0,2111.0,2096.0
2006.0,2092.0,1856.0,2200.0,2116.0,1979.0,1971.0,2127.0,2097.0,2095.0
1994.0,2078.0,1855.0,2193.0,2103.0,1974.0,1961.0,2115.0,2087.0,2087.0
1979.0,2065.0,1843.0,2183.0,2080.0,1959.0,1952.0,2118.0,2078.0,2072.0
1969.0,2054.0,1829.0,2168.0,2064.0,1952.0,1946.0,2106.0,2056.0,2058.0
1956.0,2036.0,1815.0,2149.0,2054.0,1943.0,1939.0,2092.0,2047.0,2048.0
1948.0,2015.0,1799.0,2147.0,2047.0,1932.0,1927.0,2079.0,2039.0,2032.0
1928.0,1999.0,1799.0,2131.0,2042.0,1915.0,1920.0,2060.0,2032.0,2022.0
1920.0,1980.0,1790.0,2112.0,2033.0,1913.0,1903.0,2047.0,2009.0,2017.0
1902.0,1976.0,1773.0,2105.0,2023.0,1897.0,1896.0,2024.0,1998.0,1994.0
1895.0,1959.0,1757.0,2098.0,2010.0,1884.0,1884.0,2007.0,1993.0,1985.0
1887.0,1947.0,1748.0,2088.0,1999.0,1875.0,1879.0,1999.0,1977.0,1980.0
1869.0,1936.0,1724.0,2079.0,1988.0,1860.0,1866.0,1989.0,1969.0,1967.0
1849.0,1924.0,1715.0,2066.0,1972.0,1836.0,1857.0,1980.0,1961.0,1958.0
1835.0,1916.0,1704.0,2055.0,1964.0,1828.0,1836.0,1963.0,1952.0,1943.0
1817.0,1913.0,1689.0,2032.0,1950.0,1823.0,1827.0,1951.0,1943.0,1933.0
1801.0,1904.0,1668.0,2019.0,1938.0,1813.0,1818.0,1944.0,1930.0,1930.0
1790.0,1896.0,1664.0,1995.0,1924.0,1806.0,1807.0,1931.0,1908.0,1915.0
1780.0,1887.0,1658.0,1990.0,1911.0,1799.0,1797.0,1929.0,1892.0,1904.0
1769.0,1870.0,1648.0,1975.0,1904.0,1793.0,1793.0,1920.0,1891.0,1901.0
1757.0,1862.0,1638.0,1958.0,1888.0,1784.0,1780.0,1906.0,1878.0,1896.0
1750.0,1848.0,1624.0,1941.0,1881.0,1776.0,1776.0,1904.0,1860.0,1885.0
1742.0,1843.0,1614.0,1921.0,1868.0,1773.0,1768.0,1879.0,1852.0,1870.0
1735.0,1829.0,1605.0,1909.0,1858.0,1756.0,1750.0,1863.0,1831.0,1864.0
1727.0,1819.0,1598.0,1902.0,1846.0,1748.0,1736.0,1852.0,1815.0,1856.0
1717.0,1815.0,1595.0,1892.0,1835.0,1741.0,1726.0,1844.0,1798.0,1851.0
1704.0,1802.0,1588.0,1879.0,1824.0,1733.0,1714.0,1835.0,1779.0,1836.0
1699.0,1790.0,1573.0,1864.0,1816.0,1732.0,1700.0,1831.0,1775.0,1832.0
1684.0,1786.0,1566.0,1858.0,1803.0,1730.0,1695.0,1820.0,1761.0,1824.0
1674.0,1768.0,1548.0,1839.0,1795.0,1716.0,1687.0,1812.0,1750.0,1804.0
1669.0,1761.0,1536.0,1830.0,1789.0,1711.0,1678.0,1809.0,1746.0,1790.0
1662.0,1744.0,1530.0,1818.0,1779.0,1699.0,1665.0,1805.0,1736.0,1773.0
1652.0,1740.0,1520.0,1811.0,1770.0,1686.0,1646.0,1798.0,1729.0,1765.0
1635.0,1728.0,1513.0,1800.0,1757.0,1675.0,1641.0,1784.0,1723.0,1762.0
1637.0,1716.0,1503.0,1786.0,1747.0,1670.0,1637.0,1769.0,1710.0,1752.0
1625.0,1708.0,1500.0,1768.0,1729.0,1657.0,1619.0,1755.0,1695.0,1744.0
1615.0,1695.0,1498.0,1761.0,1717.0,1651.0,1609.0,1729.0,1689.0,1722.0
1604.0,1685.0,1486.0,1754.0,1715.0,1640.0,1603.0,1720.0,1676.0,1712.0
1597.0,1677.0,1477.0,1744.0,1709.0,1629.0,1589.0,1710.0,1669.0,1704.0
1584.0,1660.0,1462.0,1725.0,1700.0,1624.0,1580.0,1702.0,1657.0,1691.0
1581.0,1656.0,1447.0,1711.0,1690.0,1613.0,1562.0,1686.0,1643.0,1672.0
1573.0,1639.0,1438.0,1703.0,1682.0,1609.0,1557.0,1679.0,1632.0,1657.0
1561.0,1637.0,1431.0,1693.0,1672.0,1597.0,1553.0,1666.0,1622.0,1646.0
1550.0,1619.0,1420.0,1688.0,1665.0,1594.0,1544.0,1651.0,1617.0,1631.0
1540.0,1607.0,1410.0,1675.0,1652.0,1586.0,1528.0,1639.0,1600.0,1620.0
1534.0,1598.0,1404.0,1660.0,1651.0,1578.0,1520.0,1632.0,1597.0,1611.0
1525.0,1590.0,1388.0,1640.0,1635.0,1569.0,1511.0,1628.0,1585.0,1606.0
1511.0,1579.0,1382.0,1631.0,1627.0,1570.0,1501.0,1617.0,1576.0,1599.0
1501.0,1573.0,1372.0,1618.0,1623.0,1565.0,1484.0,1615.0,1560.0,1595.0
1494.0,1556.0,1371.0,1611.0,1618.0,1557.0,1477.0,1606.0,1548.0,1579.0
1484.0,1544.0,1360.0,1603.0,1605.0,1551.0,1461.0,1604.0,1537.0,1579.0
1472.0,1530.0,1350.0,1588.0,1602.0,1546.0,1453.0,1587.0,1526.0,1569.0
1473.0,1515.0,1347.0,1573.0,1587.0,1529.0,1443.0,1577.0,1514.0,1559.0
1461.0,1507.0,1339.0,1561.0,1585.0,1521.0,1438.0,1572.0,1509.0,1555.0
1451.0,1492.0,1329.0,1552.0,1576.0,1514.0,1433.0,1569.0,1500.0,1541.0
1445.0,1496.0,1326.0,1540.0,1573.0,1509.0,1429.0,1561.0,1494.0,1539.0
1437.0,1480.0,1326.0,1527.0,1560.0,1496.0,1421.0,1555.0,1485.0,1521.0
1431.0,1471.0,1318.0,1517.0,1550.0,1483.0,1415.0,1544.0,1477.0,1516.0
1425.0,1466.0,1317.0,1507.0,1531.0,1471.0,1412.0,1528.0,1474.0,1509.0
1414.0,1466.0,1313.0,1506.0,1524.0,1463.0,1396.0,1521.0,1461.0,1505.0
1403.0,1454.0,1304.0,1490.0,1522.0,1462.0,1384.0,1517.0,1446.0,1491.0
1389.0,1444.0,1290.0,1490.0,1514.0,1456.0,1374.0,1504.0,1441.0,1483.0
1377.0,1436.0,1276.0,1487.0,1496.0,1448.0,1364.0,1492.0,1427.0,1478.0
1367.0,1420.0,1274.0,1482.0,1489.0,1436.0,1360.0,1482.0,1417.0,1474.0
1350.0,1410.0,1267.0,1468.0,1481.0,1429.0,1355.0,1474.0,1400.0,1464.0
1345.0,1400.0,1255.0,1465.0,1465.0,1417.0,1350.0,1465.0,1392.0,1456.0
1341.0,1377.0,1246.0,1457.0,1451.0,1405.0,1359.0,1465.0,1384.0,1445.0
1343.0,1361.0,1239.0,1450.0,1449.0,1394.0,1359.0,1460.0,1383.0,1439.0
1336.0,1349.0,1233.0,1437.0,1440.0,1387.0,1336.0,1445.0,1378.0,1430.0
1323.0,1338.0,1228.0,1425.0,1426.0,1380.0,1331.0,1440.0,1371.0,1426.0
1315.0,1333.0,1220.0,1406.0,1425.0,1380.0,1322.0,1424.0,1360.0,1420.0
1300.0,1321.0,1208.0,1397.0,1425.0,1371.0,1318.0,1413.0,1357.0,1414.0
1290.0,1319.0,1207.0,1384.0,1416.0,1366.0,1301.0,1396.0,1357.0,1410.0
1281.0,1304.0,1206.0,1367.0,1403.0,1355.0,1292.0,1385.0,1351.0,1397.0
1276.0,1295.0,1195.0,1360.0,1391.0,1348.0,1284.0,1380.0,1347.0,1385.0
1268.0,1287.0,1190.0,1346.0,1378.0,1346.0,1269.0,1370.0,1334.0,1377.0
1269.0,1281.0,1179.0,1336.0,1372.0,1332.0,1261.0,1367.0,1327.0,1371.0
1258.0,1260.0,1171.0,1325.0,1356.0,1330.0,1256.0,1352.0,1311.0,1362.0
1261.0,1250.0,1165.0,1319.0,1346.0,1321.0,1242.0,1348.0,1307.0,1351.0
1250.0,1247.0,1158.0,1308.0,1337.0,1304.0,1238.0,1339.0,1298.0,1339.0
1243.0,1245.0,1152.0,1304.0,1332.0,1302.0,1225.0,1327.0,1296.0,1322.0
1240.0,1237.0,1143.0,1299.0,1324.0,1288.0,1223.0,1319.0,1282.0,1315.0
1237.0,1228.0,1138.0,1294.0,1319.0,1287.0,1221.0,1314.0,1274.0,1311.0
1229.0,1220.0,1133.0,1291.0,1313.0,1280.0,1217.0,1307.0,1265.0,1306.0
1224.0,1219.0,1124.0,1284.0,1307.0,1272.0,1210.0,1305.0,1264.0,1296.0
1219.0,1206.0,1114.0,1275.0,1304.0,1268.0,1201.0,1298.0,1252.0,1294.0
1214.0,1204.0,1105.0,1267.0,1298.0,1264.0,1195.0,1292.0,1250.0,1292.0
1208.0,1195.0,1098.0,1257.0,1289.0,1260.0,1185.0,1283.0,1234.0,1279.0
1206.0,1195.0,1098.0,1248.0,1285.0,1261.0,1175.0,1267.0,1229.0,1267.0
1199.0,1187.0,1097.0,1249.0,1278.0,1257.0,1173.0,1250.0,1223.0,1255.0
1194.0,1178.0,1089.0,1246.0,1263.0,1256.0,1166.0,1244.0,1219.0,1254.0
1187.0,1164.0,1085.0,1233.0,1256.0,1252.0,1153.0,1236.0,1206.0,1256.0
1189.0,1162.0,1080.0,1224.0,1245.0,1248.0,1131.0,1223.0,1201.0,1254.0
1187.0,1154.0,1071.0,1217.0,1232.0,1248.0,1121.0,1213.0,1198.0,1250.0
1183.0,1144.0,1062.0,1206.0,1221.0,1253.0,1108.0,1204.0,1181.0,1251.0
1167.0,1133.0,1059.0,1198.0,1219.0,1248.0,1097.0,1205.0,1171.0,1249.0
1169.0,1133.0,1060.0,1188.0,1210.0,1242.0,1083.0,1201.0,1162.0,1233.0
1164.0,1128.0,1053.0,1179.0,1199.0,1231.0,1083.0,1197.0,1162.0,1229.0
1154.0,1125.0,1053.0,1180.0,1196.0,1229.0,1074.0,1192.0,1159.0,1218.0
1152.0,1117.0,1048.0,1175.0,1190.0,1221.0,1063.0,1181.0,1155.0,1210.0
1148.0,1106.0,1043.0,1171.0,1184.0,1215.0,1051.0,1173.0,1146.0,1203.0
1143.0,1104.0,1035.0,1161.0,1185.0,1216.0,1046.0,1166.0,1134.0,1196.0
1146.0,1097.0,1032.0,1143.0,1182.0,1204.0,1039.0,1159.0,1121.0,1183.0
1147.0,1088.0,1038.0,1134.0,1173.0,1200.0,1030.0,1146.0,1111.0,1176.0
1137.0,1085.0,1035.0,1132.0,1160.0,1198.0,1030.0,1142.0,1107.0,1166.0
1127.0,1083.0,1028.0,1120.0,1154.0,1188.0,1032.0,1136.0,1097.0,1163.0
1117.0,1075.0,1023.0,1109.0,1144.0,1179.0,1023.0,1129.0,1091.0,1159.0
1109.0,1068.0,1014.0,1108.0,1139.0,1176.0,1016.0,1129.0,1076.0,1153.0
1106.0,1066.0,1011.0,1109.0,1136.0,1173.0,1008.0,1124.0,1076.0,1148.0
1099.0,1058.0,1004.0,1105.0,1132.0,1166.0,1004.0,1114.0,1064.0,1145.0
1099.0,1053.0,998.0,1099.0,1127.0,1157.0,997.0,1105.0,1054.0,1134.0
1095.0,1046.0,992.0,1097.0,1121.0,1151.0,991.0,1100.0,1052.0,1128.0
1093.0,1040.0,987.0,1092.0,1114.0,1138.0,985.0,1089.0,1041.0,1117.0
1097.0,1034.0,979.0,1081.0,1110.0,1134.0,984.0,1079.0,1035.0,1103.0
1092.0,1024.0,972.0,1075.0,1108.0,1132.0,979.0,1070.0,1026.0,1090.0
1089.0,1019.0,958.0,1067.0,1107.0,1130.0,968.0,1066.0,1016.0,1079.0
1081.0,1012.0,954.0,1053.0,1111.0,1125.0,955.0,1054.0,1015.0,1068.0
1070.0,1003.0,951.0,1046.0,1100.0,1117.0,947.0,1046.0,999.0,1068.0
1069.0,997.0,949.0,1040.0,1093.0,1110.0,936.0,1037.0,990.0,1059.0
1064.0,987.0,945.0,1040.0,1092.0,1110.0,932.0,1028.0,992.0,1054.0
1055.0,978.0,940.0,1030.0,1085.0,1101.0,921.0,1018.0,989.0,1045.0
1045.0,967.0,935.0,1030.0,1078.0,1093.0,919.0,1008.0,986.0,1036.0
1037.0,961.0,933.0,1026.0,1067.0,1088.0,912.0,1001.0,978.0,1031.0
1024.0,953.0,928.0,1023.0,1061.0,1085.0,907.0,994.0,969.0,1020.0
1019.0,946.0,921.0,1024.0,1055.0,1083.0,906.0,992.0,962.0,1009.0
1010.0,936.0,910.0,1019.0,1048.0,1078.0,897.0,981.0,955.0,1001.0
1008.0,933.0,904.0,1009.0,1046.0,1080.0,892.0,980.0,948.0,995.0
1008.0,930.0,897.0,999.0,1043.0,1076.0,886.0,975.0,945.0,989.0
1005.0,929.0,891.0,995.0,1034.0,1071.0,882.0,974.0,939.0,983.0
1003.0,919.0,880.0,987.0,1027.0,1069.0,876.0,966.0,933.0,978.0
996.0,909.0,882.0,980.0,1022.0,1069.0,875.0,957.0,924.0,972.0
986.0,905.0,875.0,976.0,1012.0,1063.0,866.0,954.0,916.0,966.0
980.0,898.0,872.0,969.0,1010.0,1058.0,860.0,950.0,909.0,961.0
976.0,897.0,871.0,961.0,1007.0,1061.0,857.0,939.0,898.0,960.0
971.0,894.0,865.0,952.0,1006.0,1059.0,853.0,933.0,896.0,957.0
966.0,888.0,866.0,948.0,1011.0,1053.0,846.0,926.0,883.0,952.0
956.0,881.0,860.0,936.0,1004.0,1045.0,835.0,922.0,878.0,944.0
947.0,877.0,852.0,927.0,1007.0,1047.0,830.0,920.0,870.0,934.0
947.0,871.0,847.0,925.0,994.0,1036.0,824.0,918.0,860.0,926.0
947.0,864.0,848.0,925.0,990.0,1034.0,818.0,915.0,858.0,918.0
939.0,858.0,842.0,915.0,989.0,1031.0,814.0,914.0,854.0,914.0
929.0,855.0,841.0,910.0,984.0,1025.0,805.0,912.0,847.0,913.0
919.0,851.0,840.0,907.0,973.0,1027.0,797.0,904.0,838.0,904.0
913.0,845.0,840.0,897.0,958.0,1018.0,789.0,897.0,836.0,901.0
907.0,848.0,832.0,891.0,946.0,1012.0,781.0,893.0,830.0,896.0
904.0,841.0,831.0,882.0,938.0,1003.0,775.0,896.0,822.0,889.0
898.0,837.0,823.0,875.0,934.0,1002.0,771.0,895.0,819.0,884.0
893.0,835.0,819.0,866.0,930.0,997.0,772.0,889.0,813.0,875.0
886.0,834.0,813.0,855.0,916.0,992.0,767.0,890.0,806.0,866.0
884.0,826.0,801.0,852.0,912.0,984.0,768.0,885.0,802.0,862.0
882.0,822.0,796.0,849.0,909.0,975.0,763.0,878.0,801.0,850.0
876.0,817.0,788.0,842.0,903.0,969.0,757.0,869.0,800.0,845.0
871.0,808.0,787.0,832.0,900.0,963.0,752.0,862.0,794.0,844.0
865.0,803.0,784.0,820.0,892.0,956.0,749.0,857.0,791.0,837.0
866.0,794.0,778.0,813.0,885.0,951.0,742.0,850.0,782.0,825.0
869.0,791.0,776.0,811.0,886.0,945.0,738.0,843.0,773.0,818.0
866.0,786.0,777.0,810.0,890.0,943.0,733.0,839.0,766.0,819.0
859.0,787.0,769.0,802.0,888.0,936.0,727.0,831.0,765.0,813.0
856.0,782.0,768.0,797.0,882.0,924.0,728.0,825.0,763.0,805.0
854.0,770.0,766.0,798.0,872.0,912.0,724.0,817.0,756.0,804.0
853.0,763.0,759.0,787.0,867.0,908.0,719.0,815.0,753.0,798.0
843.0,755.0,755.0,785.0,860.0,905.0,710.0,806.0,748.0,789.0
838.0,749.0,750.0,781.0,858.0,898.0,710.0,799.0,739.0,787.0
835.0,750.0,745.0,781.0,856.0,896.0,710.0,799.0,730.0,787.0
826.0,744.0,746.0,775.0,849.0,890.0,703.0,795.0,724.0,775.0
824.0,740.0,742.0,767.0,847.0,887.0,706.0,791.0,718.0,760.0
812.0,737.0,737.0,763.0,842.0,880.0,699.0,784.0,717.0,756.0
809.0,730.0,728.0,760.0,836.0,869.0,703.0,779.0,713.0,753.0
806.0,725.0,729.0,754.0,830.0,868.0,699.0,774.0,709.0,743.0
801.0,723.0,722.0,752.0,827.0,867.0,694.0,768.0,708.0,740.0
799.0,718.0,720.0,751.0,819.0,866.0,685.0,761.0,704.0,733.0
794.0,710.0,717.0,747.0,822.0,860.0,677.0,759.0,705.0,728.0
799.0,705.0,712.0,748.0,815.0,852.0,672.0,757.0,702.0,723.0
793.0,699.0,711.0,746.0,805.0,849.0,666.0,749.0,696.0,717.0
792.0,687.0,713.0,738.0,805.0,850.0,661.0,744.0,693.0,715.0
790.0,687.0,714.0,736.0,798.0,847.0,658.0,742.0,692.0,715.0
786.0,686.0,713.0,728.0,796.0,841.0,654.0,734.0,687.0,714.0
784.0,685.0,708.0,727.0,794.0,835.0,650.0,734.0,687.0,713.0
780.0,680.0,701.0,721.0,789.0,833.0,642.0,734.0,683.0,708.0
776.0,678.0,696.0,717.0,783.0,836.0,639.0,731.0,680.0,700.0
770.0,677.0,699.0,710.0,769.0,834.0,637.0,731.0,675.0,697.0
763.0,673.0,694.0,707.0,758.0,829.0,633.0,732.0,672.0,693.0
758.0,669.0,689.0,703.0,755.0,823.0,628.0,729.0,669.0,687.0
756.0,664.0,681.0,700.0,745.0,814.0,624.0,726.0,665.0,681.0
754.0,658.0,681.0,693.0,740.0,806.0,618.0,725.0,662.0,677.0
751.0,649.0,672.0,691.0,737.0,806.0,615.0,720.0,656.0,670.0
742.0,642.0,670.0,685.0,736.0,795.0,616.0,717.0,651.0,664.0
735.0,641.0,666.0,680.0,735.0,785.0,606.0,716.0,643.0,656.0
731.0,637.0,666.0,674.0,726.0,783.0,608.0,709.0,640.0,655.0
730.0,635.0,661.0,662.0,728.0,783.0,602.0,703.0,637.0,652.0
725.0,629.0,655.0,657.0,727.0,780.0,599.0,702.0,631.0,644.0
723.0,625.0,649.0,655.0,726.0,776.0,593.0,697.0,626.0,638.0
719.0,624.0,642.0,650.0,725.0,768.0,588.0,693.0,626.0,633.0
715.0,622.0,636.0,645.0,719.0,769.0,580.0,684.0,624.0,629.0
711.0,617.0,634.0,640.0,712.0,773.0,577.0,686.0,624.0,625.0
706.0,615.0,632.0,636.0,704.0,764.0,575.0,683.0,620.0,619.0
699.0,615.0,628.0,633.0,695.0,761.0,571.0,682.0,619.0,612.0
694.0,612.0,627.0,629.0,682.0,758.0,567.0,677.0,611.0,609.0
686.0,606.0,621.0,628.0,680.0,755.0,566.0,672.0,603.0,607.0
683.0,605.0,607.0,624.0,671.0,748.0,562.0,668.0,598.0,603.0
679.0,602.0,604.0,621.0,670.0,749.0,555.0,665.0,596.0,597.0
675.0,596.0,598.0,620.0,669.0,746.0,562.0,654.0,586.0,593.0
669.0,585.0,592.0,618.0,666.0,740.0,562.0,645.0,578.0,584.0
663.0,582.0,587.0,611.0,658.0,735.0,557.0,641.0,577.0,580.0
664.0,579.0,586.0,607.0,655.0,731.0,550.0,641.0,572.0,574.0
662.0,574.0,585.0,605.0,649.0,729.0,549.0,638.0,572.0,572.0
655.0,568.0,585.0,601.0,648.0,723.0,543.0,634.0,571.0,566.0
653.0,565.0,582.0,595.0,642.0,721.0,540.0,626.0,565.0,567.0
649.0,560.0,578.0,591.0,635.0,722.0,538.0,628.0,560.0,561.0
647.0,547.0,572.0,586.0,629.0,720.0,530.0,624.0,557.0,558.0
643.0,545.0,568.0,578.0,625.0,722.0,527.0,623.0,552.0,559.0
639.0,537.0,565.0,575.0,625.0,719.0,522.0,620.0,546.0,559.0
637.0,530.0,560.0,565.0,618.0,715.0,515.0,614.0,542.0,554.0
638.0,530.0,557.0,563.0,611.0,709.0,514.0,615.0,539.0,550.0
642.0,522.0,551.0,560.0,610.0,700.0,509.0,611.0,532.0,545.0
638.0,518.0,547.0,562.0,608.0,695.0,508.0,609.0,532.0,542.0
635.0,516.0,543.0,561.0,602.0,685.0,508.0,610.0,522.0,539.0
632.0,510.0,536.0,560.0,599.0,679.0,510.0,611.0,514.0,538.0
625.0,504.0,539.0,554.0,589.0,679.0,506.0,608.0,511.0,536.0
619.0,505.0,534.0,550.0,582.0,680.0,501.0,607.0,506.0,530.0
610.0,501.0,529.0,545.0,581.0,678.0,498.0,606.0,501.0,528.0
605.0,495.0,525.0,543.0,576.0,674.0,493.0,601.0,496.0,525.0
600.0,492.0,521.0,542.0,571.0,672.0,489.0,595.0,491.0,523.0
597.0,486.0,517.0,540.0,570.0,668.0,488.0,595.0,491.0,516.0
592.0,485.0,515.0,537.0,571.0,663.0,482.0,590.0,491.0,516.0
591.0,487.0,520.0,539.0,568.0,660.0,481.0,590.0,483.0,514.0
585.0,484.0,517.0,538.0,567.0,660.0,483.0,587.0,481.0,506.0
582.0,481.0,517.0,536.0,561.0,656.0,482.0,582.0,479.0,504.0
584.0,480.0,517.0,533.0,558.0,648.0,475.0,576.0,476.0,499.0
581.0,475.0,516.0,531.0,553.0,639.0,474.0,572.0,472.0,497.0
581.0,472.0,513.0,528.0,549.0,635.0,474.0,568.0,472.0,495.0
578.0,474.0,509.0,526.0,548.0,631.0,476.0,568.0,470.0,493.0
575.0,475.0,508.0,521.0,544.0,625.0,472.0,563.0,468.0,492.0
574.0,472.0,505.0,518.0,541.0,623.0,466.0,559.0,467.0,487.0
569.0,474.0,504.0,518.0,536.0,619.0,467.0,553.0,465.0,483.0
565.0,474.0,499.0,517.0,535.0,614.0,463.0,543.0,465.0,475.0
562.0,476.0,495.0,514.0,531.0,612.0,460.0,540.0,462.0,474.0
557.0,473.0,485.0,510.0,528.0,602.0,460.0,535.0,462.0,470.0
554.0,471.0,485.0,506.0,520.0,601.0,457.0,526.0,461.0,465.0
550.0,470.0,486.0,503.0,520.0,599.0,455.0,522.0,451.0,468.0
547.0,464.0,482.0,501.0,515.0,593.0,454.0,518.0,451.0,467.0
545.0,461.0,477.0,493.0,512.0,598.0,449.0,514.0,453.0,465.0
546.0,461.0,471.0,492.0,508.0,593.0,444.0,510.0,452.0,460.0
548.0,458.0,470.0,487.0,502.0,589.0,442.0,505.0,449.0,460.0
546.0,452.0,463.0,483.0,500.0,590.0,438.0,502.0,446.0,457.0
549.0,447.0,463.0,477.0,496.0,588.0,436.0,500.0,444.0,454.0
547.0,442.0,462.0,474.0,494.0,588.0,433.0,502.0,444.0,448.0
543.0,440.0,462.0,475.0,488.0,582.0,434.0,498.0,438.0,442.0
544.0,439.0,459.0,471.0,483.0,580.0,435.0,500.0,436.0,439.0
544.0,431.0,455.0,467.0,482.0,577.0,433.0,501.0,433.0,435.0
540.0,431.0,443.0,468.0,475.0,571.0,430.0,490.0,428.0,432.0
541.0,429.0,440.0,465.0,468.0,569.0,428.0,488.0,427.0,428.0
539.0,430.0,439.0,461.0,469.0,562.0,419.0,486.0,424.0,422.0
537.0,427.0,436.0,460.0,466.0,558.0,415.0,483.0,417.0,420.0
534.0,426.0,437.0,461.0,463.0,550.0,415.0,473.0,414.0,416.0
530.0,422.0,433.0,461.0,462.0,547.0,413.0,472.0,411.0,411.0
525.0,420.0,431.0,458.0,463.0,540.0,408.0,468.0,405.0,410.0
524.0,413.0,430.0,455.0,461.0,531.0,407.0,460.0,411.0,407.0
517.0,410.0,428.0,450.0,454.0,528.0,405.0,457.0,411.0,401.0
520.0,407.0,423.0,445.0,454.0,524.0,399.0,456.0,409.0,395.0
518.0,402.0,420.0,444.0,449.0,522.0,396.0,451.0,407.0,391.0
512.0,398.0,414.0,439.0,451.0,515.0,391.0,449.0,407.0,382.0
508.0,398.0,410.0,437.0,448.0,512.0,392.0,449.0,403.0,380.0
502.0,394.0,409.0,433.0,443.0,510.0,388.0,450.0,400.0,379.0
499.0,389.0,405.0,428.0,439.0,510.0,386.0,448.0,396.0,375.0
494.0,386.0,401.0,426.0,435.0,506.0,385.0,446.0,396.0,375.0
493.0,386.0,399.0,424.0,434.0,501.0,380.0,449.0,392.0,370.0
487.0,386.0,396.0,421.0,433.0,496.0,378.0,444.0,387.0,373.0
479.0,381.0,394.0,420.0,429.0,491.0,379.0,440.0,385.0,373.0
472.0,380.0,392.0,420.0,423.0,486.0,380.0,435.0,383.0,370.0
471.0,378.0,392.0,418.0,421.0,486.0,378.0,433.0,382.0,369.0
467.0,374.0,393.0,412.0,416.0,479.0,378.0,433.0,376.0,365.0
469.0,377.0,391.0,409.0,415.0,473.0,377.0,439.0,372.0,360.0
466.0,375.0,391.0,408.0,417.0,472.0,374.0,433.0,371.0,356.0
457.0,371.0,391.0,405.0,416.0,467.0,369.0,429.0,369.0,357.0
449.0,369.0,391.0,403.0,410.0,464.0,364.0,428.0,365.0,356.0
442.0,366.0,387.0,399.0,408.0,459.0,359.0,426.0,365.0,353.0
437.0,366.0,386.0,392.0,405.0,459.0,358.0,427.0,360.0,352.0
434.0,362.0,385.0,390.0,400.0,459.0,354.0,424.0,360.0,352.0
431.0,354.0,386.0,390.0,398.0,453.0,354.0,420.0,352.0,351.0
436.0,350.0,381.0,386.0,391.0,453.0,351.0,418.0,353.0,346.0
433.0,347.0,373.0,387.0,388.0,449.0,350.0,414.0,356.0,339.0
430.0,348.0,367.0,383.0,387.0,447.0,346.0,411.0,356.0,338.0
428.0,345.0,365.0,381.0,384.0,448.0,347.0,409.0,356.0,336.0
427.0,344.0,360.0,377.0,383.0,447.0,345.0,406.0,354.0,336.0
420.0,345.0,356.0,371.0,380.0,445.0,344.0,402.0,353.0,333.0
418.0,342.0,355.0,369.0,375.0,444.0,342.0,402.0,351.0,331.0
416.0,336.0,354.0,367.0,373.0,442.0,340.0,400.0,346.0,330.0
410.0,331.0,352.0,365.0,375.0,439.0,338.0,398.0,344.0,326.0
406.0,325.0,348.0,368.0,370.0,436.0,336.0,397.0,342.0,324.0
403.0,323.0,347.0,363.0,370.0,434.0,333.0,395.0,337.0,323.0
400.0,318.0,344.0,357.0,367.0,434.0,331.0,387.0,336.0,323.0
392.0,316.0,340.0,357.0,365.0,431.0,327.0,384.0,331.0,320.0
392.0,314.0,337.0,355.0,362.0,428.0,323.0,381.0,330.0,319.0
392.0,313.0,335.0,352.0,363.0,429.0,320.0,379.0,328.0,312.0
393.0,314.0,335.0,350.0,362.0,425.0,320.0,374.0,325.0,312.0
390.0,314.0,334.0,350.0,357.0,424.0,317.0,372.0,326.0,311.0
390.0,309.0,334.0,345.0,356.0,419.0,312.0,367.0,321.0,310.0
389.0,304.0,331.0,343.0,355.0,421.0,313.0,366.0,317.0,307.0
391.0,301.0,328.0,341.0,353.0,416.0,311.0,365.0,313.0,303.0
390.0,298.0,327.0,343.0,351.0,410.0,308.0,361.0,312.0,298.0
390.0,292.0,325.0,341.0,349.0,409.0,305.0,361.0,307.0,295.0
391.0,291.0,322.0,343.0,344.0,405.0,302.0,356.0,299.0,292.0
389.0,286.0,321.0,342.0,338.0,405.0,301.0,359.0,300.0,286.0
390.0,286.0,316.0,339.0,333.0,405.0,300.0,355.0,293.0,284.0
387.0,284.0,313.0,339.0,330.0,404.0,298.0,355.0,290.0,282.0
387.0,283.0,314.0,340.0,331.0,402.0,297.0,352.0,293.0,283.0
388.0,280.0,309.0,338.0,329.0,399.0,298.0,353.0,292.0,282.0
386.0,276.0,311.0,336.0,325.0,401.0,292.0,347.0,289.0,282.0
385.0,274.0,308.0,335.0,321.0,401.0,291.0,347.0,287.0,281.0
381.0,273.0,309.0,332.0,321.0,399.0,290.0,347.0,283.0,278.0
378.0,271.0,306.0,328.0,319.0,397.0,287.0,345.0,278.0,274.0
382.0,271.0,303.0,325.0,315.0,390.0,282.0,341.0,280.0,270.0
382.0,268.0,302.0,322.0,312.0,393.0,283.0,337.0,276.0,266.0
382.0,266.0,301.0,318.0,312.0,390.0,283.0,330.0,278.0,267.0
383.0,266.0,299.0,315.0,314.0,389.0,279.0,328.0,276.0,264.0
383.0,267.0,297.0,313.0,314.0,385.0,276.0,328.0,276.0,263.0
383.0,265.0,295.0,307.0,310.0,383.0,275.0,323.0,274.0,261.0
383.0,266.0,293.0,310.0,309.0,379.0,272.0,322.0,271.0,259.0
377.0,264.0,291.0,307.0,307.0,373.0,273.0,319.0,269.0,256.0
380.0,263.0,292.0,304.0,306.0,373.0,272.0,314.0,267.0,252.0
376.0,261.0,292.0,302.0,304.0,370.0,274.0,313.0,265.0,251.0
376.0,259.0,290.0,300.0,304.0,367.0,272.0,308.0,265.0,251.0
